0, NVIDIA GeForce RTX 3060, 1763 MiB, 12288 MiB, 14 %, 41
1, NVIDIA GeForce RTX 4090, 841 MiB, 24564 MiB, 7 %, 37
0, NVIDIA GeForce RTX 3060, 1768 MiB, 12288 MiB, 12 %, 41
1, NVIDIA GeForce RTX 4090, 841 MiB, 24564 MiB, 7 %, 37
0, NVIDIA GeForce RTX 3060, 1771 MiB, 12288 MiB, 12 %, 41
1, NVIDIA GeForce RTX 4090, 841 MiB, 24564 MiB, 0 %, 37
0, NVIDIA GeForce RTX 3060, 1771 MiB, 12288 MiB, 12 %, 41
1, NVIDIA GeForce RTX 4090, 841 MiB, 24564 MiB, 6 %, 37
0, NVIDIA GeForce RTX 3060, 1771 MiB, 12288 MiB, 12 %, 40
1, NVIDIA GeForce RTX 4090, 841 MiB, 24564 MiB, 0 %, 37
