0, NVIDIA GeForce RTX 3060, 1698 MiB, 12288 MiB, 13 %, 48
1, NVIDIA GeForce RTX 4090, 7583 MiB, 24564 MiB, 100 %, 81
0, NVIDIA GeForce RTX 3060, 1698 MiB, 12288 MiB, 13 %, 48
1, NVIDIA GeForce RTX 4090, 7583 MiB, 24564 MiB, 99 %, 74
0, NVIDIA GeForce RTX 3060, 1698 MiB, 12288 MiB, 15 %, 49
1, NVIDIA GeForce RTX 4090, 7583 MiB, 24564 MiB, 100 %, 80
0, NVIDIA GeForce RTX 3060, 1698 MiB, 12288 MiB, 14 %, 49
1, NVIDIA GeForce RTX 4090, 7583 MiB, 24564 MiB, 100 %, 81
0, NVIDIA GeForce RTX 3060, 1704 MiB, 12288 MiB, 13 %, 48
1, NVIDIA GeForce RTX 4090, 7583 MiB, 24564 MiB, 98 %, 74
0, NVIDIA GeForce RTX 3060, 1698 MiB, 12288 MiB, 33 %, 49
1, NVIDIA GeForce RTX 4090, 7583 MiB, 24564 MiB, 100 %, 80
0, NVIDIA GeForce RTX 3060, 1698 MiB, 12288 MiB, 13 %, 49
1, NVIDIA GeForce RTX 4090, 7583 MiB, 24564 MiB, 100 %, 70
0, NVIDIA GeForce RTX 3060, 1698 MiB, 12288 MiB, 21 %, 49
1, NVIDIA GeForce RTX 4090, 7583 MiB, 24564 MiB, 99 %, 79
0, NVIDIA GeForce RTX 3060, 1698 MiB, 12288 MiB, 12 %, 49
1, NVIDIA GeForce RTX 4090, 7583 MiB, 24564 MiB, 100 %, 81
0, NVIDIA GeForce RTX 3060, 1704 MiB, 12288 MiB, 12 %, 49
1, NVIDIA GeForce RTX 4090, 7583 MiB, 24564 MiB, 99 %, 76
0, NVIDIA GeForce RTX 3060, 1709 MiB, 12288 MiB, 20 %, 49
1, NVIDIA GeForce RTX 4090, 7583 MiB, 24564 MiB, 99 %, 80
0, NVIDIA GeForce RTX 3060, 1719 MiB, 12288 MiB, 13 %, 49
1, NVIDIA GeForce RTX 4090, 7583 MiB, 24564 MiB, 100 %, 82
0, NVIDIA GeForce RTX 3060, 1713 MiB, 12288 MiB, 21 %, 49
1, NVIDIA GeForce RTX 4090, 7583 MiB, 24564 MiB, 99 %, 69
0, NVIDIA GeForce RTX 3060, 1713 MiB, 12288 MiB, 13 %, 49
1, NVIDIA GeForce RTX 4090, 7583 MiB, 24564 MiB, 100 %, 81
0, NVIDIA GeForce RTX 3060, 1723 MiB, 12288 MiB, 13 %, 49
1, NVIDIA GeForce RTX 4090, 7583 MiB, 24564 MiB, 100 %, 82
0, NVIDIA GeForce RTX 3060, 1723 MiB, 12288 MiB, 15 %, 49
1, NVIDIA GeForce RTX 4090, 7583 MiB, 24564 MiB, 99 %, 77
0, NVIDIA GeForce RTX 3060, 1724 MiB, 12288 MiB, 12 %, 49
1, NVIDIA GeForce RTX 4090, 7583 MiB, 24564 MiB, 100 %, 82
0, NVIDIA GeForce RTX 3060, 1719 MiB, 12288 MiB, 14 %, 49
1, NVIDIA GeForce RTX 4090, 7583 MiB, 24564 MiB, 99 %, 69
0, NVIDIA GeForce RTX 3060, 1709 MiB, 12288 MiB, 13 %, 49
1, NVIDIA GeForce RTX 4090, 7583 MiB, 24564 MiB, 99 %, 81
0, NVIDIA GeForce RTX 3060, 1709 MiB, 12288 MiB, 12 %, 49
1, NVIDIA GeForce RTX 4090, 7583 MiB, 24564 MiB, 100 %, 82
0, NVIDIA GeForce RTX 3060, 1713 MiB, 12288 MiB, 14 %, 49
1, NVIDIA GeForce RTX 4090, 7583 MiB, 24564 MiB, 99 %, 75
0, NVIDIA GeForce RTX 3060, 1703 MiB, 12288 MiB, 14 %, 49
1, NVIDIA GeForce RTX 4090, 7583 MiB, 24564 MiB, 100 %, 82
0, NVIDIA GeForce RTX 3060, 1703 MiB, 12288 MiB, 14 %, 49
1, NVIDIA GeForce RTX 4090, 7583 MiB, 24564 MiB, 100 %, 82
0, NVIDIA GeForce RTX 3060, 1703 MiB, 12288 MiB, 13 %, 49
1, NVIDIA GeForce RTX 4090, 7583 MiB, 24564 MiB, 99 %, 72
0, NVIDIA GeForce RTX 3060, 1703 MiB, 12288 MiB, 15 %, 49
1, NVIDIA GeForce RTX 4090, 7583 MiB, 24564 MiB, 98 %, 78
0, NVIDIA GeForce RTX 3060, 1703 MiB, 12288 MiB, 19 %, 49
1, NVIDIA GeForce RTX 4090, 7583 MiB, 24564 MiB, 100 %, 82
0, NVIDIA GeForce RTX 3060, 1697 MiB, 12288 MiB, 15 %, 49
1, NVIDIA GeForce RTX 4090, 7583 MiB, 24564 MiB, 99 %, 71
0, NVIDIA GeForce RTX 3060, 1708 MiB, 12288 MiB, 20 %, 49
1, NVIDIA GeForce RTX 4090, 7583 MiB, 24564 MiB, 99 %, 81
0, NVIDIA GeForce RTX 3060, 1714 MiB, 12288 MiB, 12 %, 49
1, NVIDIA GeForce RTX 4090, 7583 MiB, 24564 MiB, 100 %, 82
0, NVIDIA GeForce RTX 3060, 1715 MiB, 12288 MiB, 14 %, 49
1, NVIDIA GeForce RTX 4090, 7583 MiB, 24564 MiB, 99 %, 72
0, NVIDIA GeForce RTX 3060, 1715 MiB, 12288 MiB, 19 %, 49
1, NVIDIA GeForce RTX 4090, 7583 MiB, 24564 MiB, 100 %, 82
0, NVIDIA GeForce RTX 3060, 1709 MiB, 12288 MiB, 11 %, 49
1, NVIDIA GeForce RTX 4090, 7583 MiB, 24564 MiB, 100 %, 83
0, NVIDIA GeForce RTX 3060, 1709 MiB, 12288 MiB, 18 %, 49
1, NVIDIA GeForce RTX 4090, 7583 MiB, 24564 MiB, 99 %, 74
0, NVIDIA GeForce RTX 3060, 1709 MiB, 12288 MiB, 12 %, 49
1, NVIDIA GeForce RTX 4090, 7583 MiB, 24564 MiB, 100 %, 82
0, NVIDIA GeForce RTX 3060, 1699 MiB, 12288 MiB, 12 %, 49
1, NVIDIA GeForce RTX 4090, 7583 MiB, 24564 MiB, 100 %, 75
0, NVIDIA GeForce RTX 3060, 1699 MiB, 12288 MiB, 11 %, 49
1, NVIDIA GeForce RTX 4090, 7583 MiB, 24564 MiB, 98 %, 80
0, NVIDIA GeForce RTX 3060, 1699 MiB, 12288 MiB, 12 %, 49
1, NVIDIA GeForce RTX 4090, 7583 MiB, 24564 MiB, 100 %, 83
0, NVIDIA GeForce RTX 3060, 1699 MiB, 12288 MiB, 15 %, 49
1, NVIDIA GeForce RTX 4090, 7583 MiB, 24564 MiB, 98 %, 77
0, NVIDIA GeForce RTX 3060, 1708 MiB, 12288 MiB, 20 %, 49
1, NVIDIA GeForce RTX 4090, 7583 MiB, 24564 MiB, 100 %, 82
0, NVIDIA GeForce RTX 3060, 1713 MiB, 12288 MiB, 12 %, 49
1, NVIDIA GeForce RTX 4090, 7583 MiB, 24564 MiB, 100 %, 83
0, NVIDIA GeForce RTX 3060, 1713 MiB, 12288 MiB, 13 %, 49
1, NVIDIA GeForce RTX 4090, 7583 MiB, 24564 MiB, 99 %, 70
0, NVIDIA GeForce RTX 3060, 1713 MiB, 12288 MiB, 11 %, 50
1, NVIDIA GeForce RTX 4090, 7583 MiB, 24564 MiB, 100 %, 83
0, NVIDIA GeForce RTX 3060, 1713 MiB, 12288 MiB, 14 %, 50
1, NVIDIA GeForce RTX 4090, 7583 MiB, 24564 MiB, 100 %, 83
0, NVIDIA GeForce RTX 3060, 1708 MiB, 12288 MiB, 28 %, 49
1, NVIDIA GeForce RTX 4090, 7583 MiB, 24564 MiB, 98 %, 79
0, NVIDIA GeForce RTX 3060, 1698 MiB, 12288 MiB, 12 %, 50
1, NVIDIA GeForce RTX 4090, 7583 MiB, 24564 MiB, 100 %, 82
0, NVIDIA GeForce RTX 3060, 1698 MiB, 12288 MiB, 12 %, 50
1, NVIDIA GeForce RTX 4090, 7583 MiB, 24564 MiB, 99 %, 71
0, NVIDIA GeForce RTX 3060, 1698 MiB, 12288 MiB, 12 %, 50
1, NVIDIA GeForce RTX 4090, 7583 MiB, 24564 MiB, 99 %, 82
0, NVIDIA GeForce RTX 3060, 1698 MiB, 12288 MiB, 20 %, 50
1, NVIDIA GeForce RTX 4090, 7583 MiB, 24564 MiB, 100 %, 83
0, NVIDIA GeForce RTX 3060, 1698 MiB, 12288 MiB, 21 %, 50
1, NVIDIA GeForce RTX 4090, 7583 MiB, 24564 MiB, 97 %, 72
0, NVIDIA GeForce RTX 3060, 1708 MiB, 12288 MiB, 15 %, 50
1, NVIDIA GeForce RTX 4090, 7583 MiB, 24564 MiB, 100 %, 83
0, NVIDIA GeForce RTX 3060, 1709 MiB, 12288 MiB, 11 %, 50
1, NVIDIA GeForce RTX 4090, 7583 MiB, 24564 MiB, 100 %, 83
0, NVIDIA GeForce RTX 3060, 1709 MiB, 12288 MiB, 15 %, 50
1, NVIDIA GeForce RTX 4090, 7583 MiB, 24564 MiB, 99 %, 73
0, NVIDIA GeForce RTX 3060, 1709 MiB, 12288 MiB, 21 %, 50
1, NVIDIA GeForce RTX 4090, 7583 MiB, 24564 MiB, 100 %, 83
0, NVIDIA GeForce RTX 3060, 1709 MiB, 12288 MiB, 16 %, 50
1, NVIDIA GeForce RTX 4090, 7583 MiB, 24564 MiB, 100 %, 77
0, NVIDIA GeForce RTX 3060, 1708 MiB, 12288 MiB, 14 %, 50
1, NVIDIA GeForce RTX 4090, 7583 MiB, 24564 MiB, 100 %, 80
0, NVIDIA GeForce RTX 3060, 1708 MiB, 12288 MiB, 11 %, 50
1, NVIDIA GeForce RTX 4090, 7583 MiB, 24564 MiB, 100 %, 83
0, NVIDIA GeForce RTX 3060, 1697 MiB, 12288 MiB, 17 %, 50
1, NVIDIA GeForce RTX 4090, 7583 MiB, 24564 MiB, 99 %, 78
0, NVIDIA GeForce RTX 3060, 1698 MiB, 12288 MiB, 22 %, 50
1, NVIDIA GeForce RTX 4090, 7583 MiB, 24564 MiB, 99 %, 82
0, NVIDIA GeForce RTX 3060, 1698 MiB, 12288 MiB, 20 %, 50
1, NVIDIA GeForce RTX 4090, 7583 MiB, 24564 MiB, 100 %, 83
0, NVIDIA GeForce RTX 3060, 1698 MiB, 12288 MiB, 13 %, 50
1, NVIDIA GeForce RTX 4090, 7583 MiB, 24564 MiB, 98 %, 70
0, NVIDIA GeForce RTX 3060, 1698 MiB, 12288 MiB, 13 %, 50
1, NVIDIA GeForce RTX 4090, 7583 MiB, 24564 MiB, 100 %, 83
0, NVIDIA GeForce RTX 3060, 1698 MiB, 12288 MiB, 11 %, 50
1, NVIDIA GeForce RTX 4090, 7583 MiB, 24564 MiB, 99 %, 82
0, NVIDIA GeForce RTX 3060, 1714 MiB, 12288 MiB, 15 %, 50
1, NVIDIA GeForce RTX 4090, 7583 MiB, 24564 MiB, 99 %, 79
0, NVIDIA GeForce RTX 3060, 1714 MiB, 12288 MiB, 25 %, 50
1, NVIDIA GeForce RTX 4090, 7583 MiB, 24564 MiB, 100 %, 83
0, NVIDIA GeForce RTX 3060, 1714 MiB, 12288 MiB, 12 %, 50
1, NVIDIA GeForce RTX 4090, 7583 MiB, 24564 MiB, 99 %, 70
0, NVIDIA GeForce RTX 3060, 1709 MiB, 12288 MiB, 13 %, 50
1, NVIDIA GeForce RTX 4090, 7583 MiB, 24564 MiB, 100 %, 82
0, NVIDIA GeForce RTX 3060, 1709 MiB, 12288 MiB, 12 %, 50
1, NVIDIA GeForce RTX 4090, 7583 MiB, 24564 MiB, 100 %, 84
0, NVIDIA GeForce RTX 3060, 1709 MiB, 12288 MiB, 12 %, 50
1, NVIDIA GeForce RTX 4090, 7583 MiB, 24564 MiB, 99 %, 79
0, NVIDIA GeForce RTX 3060, 1714 MiB, 12288 MiB, 24 %, 50
1, NVIDIA GeForce RTX 4090, 7583 MiB, 24564 MiB, 100 %, 83
0, NVIDIA GeForce RTX 3060, 1704 MiB, 12288 MiB, 12 %, 50
1, NVIDIA GeForce RTX 4090, 7583 MiB, 24564 MiB, 100 %, 71
0, NVIDIA GeForce RTX 3060, 1709 MiB, 12288 MiB, 12 %, 50
1, NVIDIA GeForce RTX 4090, 7583 MiB, 24564 MiB, 99 %, 76
0, NVIDIA GeForce RTX 3060, 1704 MiB, 12288 MiB, 23 %, 50
1, NVIDIA GeForce RTX 4090, 7583 MiB, 24564 MiB, 100 %, 83
0, NVIDIA GeForce RTX 3060, 1704 MiB, 12288 MiB, 12 %, 50
1, NVIDIA GeForce RTX 4090, 7583 MiB, 24564 MiB, 99 %, 72
0, NVIDIA GeForce RTX 3060, 1704 MiB, 12288 MiB, 20 %, 50
1, NVIDIA GeForce RTX 4090, 7583 MiB, 24564 MiB, 100 %, 81
0, NVIDIA GeForce RTX 3060, 1704 MiB, 12288 MiB, 12 %, 50
1, NVIDIA GeForce RTX 4090, 7583 MiB, 24564 MiB, 100 %, 84
0, NVIDIA GeForce RTX 3060, 1704 MiB, 12288 MiB, 13 %, 51
1, NVIDIA GeForce RTX 4090, 7583 MiB, 24564 MiB, 99 %, 74
0, NVIDIA GeForce RTX 3060, 1703 MiB, 12288 MiB, 15 %, 50
1, NVIDIA GeForce RTX 4090, 7583 MiB, 24564 MiB, 100 %, 83
0, NVIDIA GeForce RTX 3060, 1697 MiB, 12288 MiB, 13 %, 51
1, NVIDIA GeForce RTX 4090, 7583 MiB, 24564 MiB, 100 %, 84
0, NVIDIA GeForce RTX 3060, 1697 MiB, 12288 MiB, 17 %, 51
1, NVIDIA GeForce RTX 4090, 7583 MiB, 24564 MiB, 97 %, 81
0, NVIDIA GeForce RTX 3060, 1707 MiB, 12288 MiB, 12 %, 50
1, NVIDIA GeForce RTX 4090, 7583 MiB, 24564 MiB, 100 %, 84
0, NVIDIA GeForce RTX 3060, 1712 MiB, 12288 MiB, 14 %, 51
1, NVIDIA GeForce RTX 4090, 7583 MiB, 24564 MiB, 99 %, 77
0, NVIDIA GeForce RTX 3060, 1712 MiB, 12288 MiB, 14 %, 51
1, NVIDIA GeForce RTX 4090, 7583 MiB, 24564 MiB, 99 %, 82
0, NVIDIA GeForce RTX 3060, 1716 MiB, 12288 MiB, 13 %, 51
1, NVIDIA GeForce RTX 4090, 7583 MiB, 24564 MiB, 100 %, 83
0, NVIDIA GeForce RTX 3060, 1716 MiB, 12288 MiB, 20 %, 51
1, NVIDIA GeForce RTX 4090, 7583 MiB, 24564 MiB, 100 %, 84
0, NVIDIA GeForce RTX 3060, 1712 MiB, 12288 MiB, 14 %, 51
1, NVIDIA GeForce RTX 4090, 7583 MiB, 24564 MiB, 98 %, 73
0, NVIDIA GeForce RTX 3060, 1702 MiB, 12288 MiB, 11 %, 51
1, NVIDIA GeForce RTX 4090, 7583 MiB, 24564 MiB, 100 %, 84
0, NVIDIA GeForce RTX 3060, 1702 MiB, 12288 MiB, 20 %, 51
1, NVIDIA GeForce RTX 4090, 7583 MiB, 24564 MiB, 100 %, 77
0, NVIDIA GeForce RTX 3060, 1697 MiB, 12288 MiB, 15 %, 51
1, NVIDIA GeForce RTX 4090, 7583 MiB, 24564 MiB, 98 %, 81
0, NVIDIA GeForce RTX 3060, 1697 MiB, 12288 MiB, 22 %, 51
1, NVIDIA GeForce RTX 4090, 7583 MiB, 24564 MiB, 100 %, 84
0, NVIDIA GeForce RTX 3060, 1697 MiB, 12288 MiB, 12 %, 51
1, NVIDIA GeForce RTX 4090, 7583 MiB, 24564 MiB, 99 %, 76
0, NVIDIA GeForce RTX 3060, 1707 MiB, 12288 MiB, 13 %, 51
1, NVIDIA GeForce RTX 4090, 7583 MiB, 24564 MiB, 99 %, 83
0, NVIDIA GeForce RTX 3060, 1707 MiB, 12288 MiB, 20 %, 51
1, NVIDIA GeForce RTX 4090, 7583 MiB, 24564 MiB, 100 %, 84
0, NVIDIA GeForce RTX 3060, 1708 MiB, 12288 MiB, 14 %, 51
1, NVIDIA GeForce RTX 4090, 7583 MiB, 24564 MiB, 99 %, 75
0, NVIDIA GeForce RTX 3060, 1708 MiB, 12288 MiB, 23 %, 51
1, NVIDIA GeForce RTX 4090, 7583 MiB, 24564 MiB, 100 %, 84
0, NVIDIA GeForce RTX 3060, 1708 MiB, 12288 MiB, 16 %, 51
1, NVIDIA GeForce RTX 4090, 7583 MiB, 24564 MiB, 100 %, 84
0, NVIDIA GeForce RTX 3060, 1707 MiB, 12288 MiB, 17 %, 51
1, NVIDIA GeForce RTX 4090, 7583 MiB, 24564 MiB, 99 %, 75
0, NVIDIA GeForce RTX 3060, 1714 MiB, 12288 MiB, 23 %, 51
1, NVIDIA GeForce RTX 4090, 7583 MiB, 24564 MiB, 100 %, 84
0, NVIDIA GeForce RTX 3060, 1704 MiB, 12288 MiB, 11 %, 51
1, NVIDIA GeForce RTX 4090, 7583 MiB, 24564 MiB, 100 %, 72
0, NVIDIA GeForce RTX 3060, 1704 MiB, 12288 MiB, 13 %, 51
1, NVIDIA GeForce RTX 4090, 7583 MiB, 24564 MiB, 99 %, 82
0, NVIDIA GeForce RTX 3060, 1702 MiB, 12288 MiB, 13 %, 51
1, NVIDIA GeForce RTX 4090, 7583 MiB, 24564 MiB, 100 %, 84
0, NVIDIA GeForce RTX 3060, 1697 MiB, 12288 MiB, 12 %, 51
1, NVIDIA GeForce RTX 4090, 7583 MiB, 24564 MiB, 99 %, 74
0, NVIDIA GeForce RTX 3060, 1697 MiB, 12288 MiB, 11 %, 51
1, NVIDIA GeForce RTX 4090, 7583 MiB, 24564 MiB, 100 %, 83
0, NVIDIA GeForce RTX 3060, 1708 MiB, 12288 MiB, 11 %, 51
1, NVIDIA GeForce RTX 4090, 7583 MiB, 24564 MiB, 100 %, 84
0, NVIDIA GeForce RTX 3060, 1708 MiB, 12288 MiB, 19 %, 51
1, NVIDIA GeForce RTX 4090, 7583 MiB, 24564 MiB, 99 %, 72
0, NVIDIA GeForce RTX 3060, 1708 MiB, 12288 MiB, 30 %, 51
1, NVIDIA GeForce RTX 4090, 7583 MiB, 24564 MiB, 100 %, 83
0, NVIDIA GeForce RTX 3060, 1708 MiB, 12288 MiB, 11 %, 51
1, NVIDIA GeForce RTX 4090, 7583 MiB, 24564 MiB, 100 %, 78
0, NVIDIA GeForce RTX 3060, 1708 MiB, 12288 MiB, 13 %, 51
1, NVIDIA GeForce RTX 4090, 7583 MiB, 24564 MiB, 99 %, 81
0, NVIDIA GeForce RTX 3060, 1708 MiB, 12288 MiB, 13 %, 51
1, NVIDIA GeForce RTX 4090, 7583 MiB, 24564 MiB, 100 %, 84
0, NVIDIA GeForce RTX 3060, 1708 MiB, 12288 MiB, 17 %, 51
1, NVIDIA GeForce RTX 4090, 7583 MiB, 24564 MiB, 99 %, 76
0, NVIDIA GeForce RTX 3060, 1697 MiB, 12288 MiB, 19 %, 51
1, NVIDIA GeForce RTX 4090, 7583 MiB, 24564 MiB, 99 %, 82
0, NVIDIA GeForce RTX 3060, 1697 MiB, 12288 MiB, 11 %, 52
1, NVIDIA GeForce RTX 4090, 7583 MiB, 24564 MiB, 100 %, 84
0, NVIDIA GeForce RTX 3060, 1697 MiB, 12288 MiB, 12 %, 51
1, NVIDIA GeForce RTX 4090, 7583 MiB, 24564 MiB, 99 %, 75
0, NVIDIA GeForce RTX 3060, 1697 MiB, 12288 MiB, 10 %, 51
1, NVIDIA GeForce RTX 4090, 7583 MiB, 24564 MiB, 100 %, 83
0, NVIDIA GeForce RTX 3060, 1698 MiB, 12288 MiB, 17 %, 52
1, NVIDIA GeForce RTX 4090, 7583 MiB, 24564 MiB, 100 %, 84
0, NVIDIA GeForce RTX 3060, 1708 MiB, 12288 MiB, 14 %, 52
1, NVIDIA GeForce RTX 4090, 7583 MiB, 24564 MiB, 99 %, 78
0, NVIDIA GeForce RTX 3060, 1709 MiB, 12288 MiB, 12 %, 51
1, NVIDIA GeForce RTX 4090, 7583 MiB, 24564 MiB, 100 %, 84
0, NVIDIA GeForce RTX 3060, 1709 MiB, 12288 MiB, 11 %, 52
1, NVIDIA GeForce RTX 4090, 7583 MiB, 24564 MiB, 99 %, 73
0, NVIDIA GeForce RTX 3060, 1709 MiB, 12288 MiB, 12 %, 52
1, NVIDIA GeForce RTX 4090, 7583 MiB, 24564 MiB, 99 %, 81
0, NVIDIA GeForce RTX 3060, 1709 MiB, 12288 MiB, 13 %, 52
1, NVIDIA GeForce RTX 4090, 7583 MiB, 24564 MiB, 100 %, 84
0, NVIDIA GeForce RTX 3060, 1708 MiB, 12288 MiB, 13 %, 52
1, NVIDIA GeForce RTX 4090, 7583 MiB, 24564 MiB, 99 %, 78
0, NVIDIA GeForce RTX 3060, 1697 MiB, 12288 MiB, 13 %, 52
1, NVIDIA GeForce RTX 4090, 7583 MiB, 24564 MiB, 100 %, 83
0, NVIDIA GeForce RTX 3060, 1697 MiB, 12288 MiB, 11 %, 52
1, NVIDIA GeForce RTX 4090, 7583 MiB, 24564 MiB, 100 %, 84
0, NVIDIA GeForce RTX 3060, 1697 MiB, 12288 MiB, 11 %, 52
1, NVIDIA GeForce RTX 4090, 7583 MiB, 24564 MiB, 100 %, 70
0, NVIDIA GeForce RTX 3060, 1697 MiB, 12288 MiB, 14 %, 52
1, NVIDIA GeForce RTX 4090, 7583 MiB, 24564 MiB, 100 %, 84
0, NVIDIA GeForce RTX 3060, 1697 MiB, 12288 MiB, 19 %, 52
1, NVIDIA GeForce RTX 4090, 7583 MiB, 24564 MiB, 100 %, 81
0, NVIDIA GeForce RTX 3060, 1697 MiB, 12288 MiB, 14 %, 52
1, NVIDIA GeForce RTX 4090, 7583 MiB, 24564 MiB, 99 %, 81
0, NVIDIA GeForce RTX 3060, 1697 MiB, 12288 MiB, 13 %, 52
1, NVIDIA GeForce RTX 4090, 7583 MiB, 24564 MiB, 100 %, 84
0, NVIDIA GeForce RTX 3060, 1697 MiB, 12288 MiB, 11 %, 52
1, NVIDIA GeForce RTX 4090, 7583 MiB, 24564 MiB, 99 %, 72
0, NVIDIA GeForce RTX 3060, 1697 MiB, 12288 MiB, 18 %, 52
1, NVIDIA GeForce RTX 4090, 7583 MiB, 24564 MiB, 99 %, 83
0, NVIDIA GeForce RTX 3060, 1697 MiB, 12288 MiB, 19 %, 52
1, NVIDIA GeForce RTX 4090, 7583 MiB, 24564 MiB, 100 %, 84
0, NVIDIA GeForce RTX 3060, 1697 MiB, 12288 MiB, 11 %, 52
1, NVIDIA GeForce RTX 4090, 7583 MiB, 24564 MiB, 99 %, 75
0, NVIDIA GeForce RTX 3060, 1697 MiB, 12288 MiB, 13 %, 52
1, NVIDIA GeForce RTX 4090, 7583 MiB, 24564 MiB, 100 %, 83
0, NVIDIA GeForce RTX 3060, 1697 MiB, 12288 MiB, 11 %, 52
1, NVIDIA GeForce RTX 4090, 7583 MiB, 24564 MiB, 100 %, 84
0, NVIDIA GeForce RTX 3060, 1697 MiB, 12288 MiB, 17 %, 52
1, NVIDIA GeForce RTX 4090, 7583 MiB, 24564 MiB, 99 %, 74
0, NVIDIA GeForce RTX 3060, 1697 MiB, 12288 MiB, 14 %, 52
1, NVIDIA GeForce RTX 4090, 7583 MiB, 24564 MiB, 100 %, 84
0, NVIDIA GeForce RTX 3060, 1697 MiB, 12288 MiB, 12 %, 52
1, NVIDIA GeForce RTX 4090, 7583 MiB, 24564 MiB, 100 %, 78
0, NVIDIA GeForce RTX 3060, 1698 MiB, 12288 MiB, 12 %, 52
1, NVIDIA GeForce RTX 4090, 7583 MiB, 24564 MiB, 98 %, 81
0, NVIDIA GeForce RTX 3060, 1704 MiB, 12288 MiB, 11 %, 52
1, NVIDIA GeForce RTX 4090, 7583 MiB, 24564 MiB, 100 %, 84
0, NVIDIA GeForce RTX 3060, 1704 MiB, 12288 MiB, 13 %, 52
1, NVIDIA GeForce RTX 4090, 7583 MiB, 24564 MiB, 99 %, 78
0, NVIDIA GeForce RTX 3060, 1704 MiB, 12288 MiB, 13 %, 52
1, NVIDIA GeForce RTX 4090, 7583 MiB, 24564 MiB, 100 %, 83
0, NVIDIA GeForce RTX 3060, 1708 MiB, 12288 MiB, 11 %, 52
1, NVIDIA GeForce RTX 4090, 7583 MiB, 24564 MiB, 100 %, 84
0, NVIDIA GeForce RTX 3060, 1709 MiB, 12288 MiB, 12 %, 52
1, NVIDIA GeForce RTX 4090, 7583 MiB, 24564 MiB, 98 %, 71
0, NVIDIA GeForce RTX 3060, 1709 MiB, 12288 MiB, 9 %, 52
1, NVIDIA GeForce RTX 4090, 7583 MiB, 24564 MiB, 100 %, 84
0, NVIDIA GeForce RTX 3060, 1709 MiB, 12288 MiB, 13 %, 52
1, NVIDIA GeForce RTX 4090, 7583 MiB, 24564 MiB, 100 %, 84
0, NVIDIA GeForce RTX 3060, 1709 MiB, 12288 MiB, 18 %, 52
1, NVIDIA GeForce RTX 4090, 7583 MiB, 24564 MiB, 99 %, 77
0, NVIDIA GeForce RTX 3060, 1708 MiB, 12288 MiB, 10 %, 52
1, NVIDIA GeForce RTX 4090, 7583 MiB, 24564 MiB, 100 %, 82
0, NVIDIA GeForce RTX 3060, 1697 MiB, 12288 MiB, 10 %, 52
1, NVIDIA GeForce RTX 4090, 7583 MiB, 24564 MiB, 100 %, 84
0, NVIDIA GeForce RTX 3060, 1697 MiB, 12288 MiB, 10 %, 52
1, NVIDIA GeForce RTX 4090, 7583 MiB, 24564 MiB, 99 %, 78
0, NVIDIA GeForce RTX 3060, 1708 MiB, 12288 MiB, 18 %, 52
1, NVIDIA GeForce RTX 4090, 7583 MiB, 24564 MiB, 100 %, 83
0, NVIDIA GeForce RTX 3060, 1708 MiB, 12288 MiB, 18 %, 53
1, NVIDIA GeForce RTX 4090, 7583 MiB, 24564 MiB, 100 %, 84
0, NVIDIA GeForce RTX 3060, 1708 MiB, 12288 MiB, 10 %, 53
1, NVIDIA GeForce RTX 4090, 7583 MiB, 24564 MiB, 98 %, 70
0, NVIDIA GeForce RTX 3060, 1708 MiB, 12288 MiB, 10 %, 52
1, NVIDIA GeForce RTX 4090, 7583 MiB, 24564 MiB, 100 %, 83
0, NVIDIA GeForce RTX 3060, 1708 MiB, 12288 MiB, 10 %, 53
1, NVIDIA GeForce RTX 4090, 7583 MiB, 24564 MiB, 98 %, 84
0, NVIDIA GeForce RTX 3060, 1714 MiB, 12288 MiB, 18 %, 53
1, NVIDIA GeForce RTX 4090, 7583 MiB, 24564 MiB, 99 %, 76
0, NVIDIA GeForce RTX 3060, 1714 MiB, 12288 MiB, 13 %, 52
1, NVIDIA GeForce RTX 4090, 7583 MiB, 24564 MiB, 100 %, 83
0, NVIDIA GeForce RTX 3060, 1714 MiB, 12288 MiB, 13 %, 53
1, NVIDIA GeForce RTX 4090, 7583 MiB, 24564 MiB, 98 %, 73
0, NVIDIA GeForce RTX 3060, 1708 MiB, 12288 MiB, 10 %, 53
1, NVIDIA GeForce RTX 4090, 7583 MiB, 24564 MiB, 100 %, 82
0, NVIDIA GeForce RTX 3060, 1708 MiB, 12288 MiB, 10 %, 53
1, NVIDIA GeForce RTX 4090, 7583 MiB, 24564 MiB, 100 %, 84
0, NVIDIA GeForce RTX 3060, 1698 MiB, 12288 MiB, 16 %, 53
1, NVIDIA GeForce RTX 4090, 7583 MiB, 24564 MiB, 98 %, 77
0, NVIDIA GeForce RTX 3060, 1698 MiB, 12288 MiB, 16 %, 53
1, NVIDIA GeForce RTX 4090, 7583 MiB, 24564 MiB, 100 %, 83
0, NVIDIA GeForce RTX 3060, 1698 MiB, 12288 MiB, 15 %, 53
1, NVIDIA GeForce RTX 4090, 7583 MiB, 24564 MiB, 100 %, 84
0, NVIDIA GeForce RTX 3060, 1698 MiB, 12288 MiB, 15 %, 53
1, NVIDIA GeForce RTX 4090, 7583 MiB, 24564 MiB, 97 %, 71
0, NVIDIA GeForce RTX 3060, 1698 MiB, 12288 MiB, 32 %, 53
1, NVIDIA GeForce RTX 4090, 7583 MiB, 24564 MiB, 100 %, 83
0, NVIDIA GeForce RTX 3060, 1708 MiB, 12288 MiB, 18 %, 53
1, NVIDIA GeForce RTX 4090, 7583 MiB, 24564 MiB, 99 %, 84
0, NVIDIA GeForce RTX 3060, 1709 MiB, 12288 MiB, 17 %, 53
1, NVIDIA GeForce RTX 4090, 7583 MiB, 24564 MiB, 99 %, 80
0, NVIDIA GeForce RTX 3060, 1709 MiB, 12288 MiB, 23 %, 53
1, NVIDIA GeForce RTX 4090, 7583 MiB, 24564 MiB, 100 %, 84
0, NVIDIA GeForce RTX 3060, 1709 MiB, 12288 MiB, 18 %, 53
1, NVIDIA GeForce RTX 4090, 7583 MiB, 24564 MiB, 99 %, 71
0, NVIDIA GeForce RTX 3060, 1733 MiB, 12288 MiB, 25 %, 53
1, NVIDIA GeForce RTX 4090, 7583 MiB, 24564 MiB, 100 %, 82
0, NVIDIA GeForce RTX 3060, 1733 MiB, 12288 MiB, 15 %, 53
1, NVIDIA GeForce RTX 4090, 7583 MiB, 24564 MiB, 100 %, 84
0, NVIDIA GeForce RTX 3060, 1724 MiB, 12288 MiB, 15 %, 53
1, NVIDIA GeForce RTX 4090, 7583 MiB, 24564 MiB, 99 %, 73
0, NVIDIA GeForce RTX 3060, 1724 MiB, 12288 MiB, 24 %, 53
1, NVIDIA GeForce RTX 4090, 7583 MiB, 24564 MiB, 100 %, 83
0, NVIDIA GeForce RTX 3060, 1724 MiB, 12288 MiB, 16 %, 53
1, NVIDIA GeForce RTX 4090, 7583 MiB, 24564 MiB, 100 %, 84
0, NVIDIA GeForce RTX 3060, 1716 MiB, 12288 MiB, 24 %, 53
1, NVIDIA GeForce RTX 4090, 7583 MiB, 24564 MiB, 98 %, 71
0, NVIDIA GeForce RTX 3060, 1721 MiB, 12288 MiB, 17 %, 53
1, NVIDIA GeForce RTX 4090, 7583 MiB, 24564 MiB, 100 %, 84
0, NVIDIA GeForce RTX 3060, 1718 MiB, 12288 MiB, 15 %, 53
1, NVIDIA GeForce RTX 4090, 7583 MiB, 24564 MiB, 98 %, 77
0, NVIDIA GeForce RTX 3060, 1717 MiB, 12288 MiB, 23 %, 53
1, NVIDIA GeForce RTX 4090, 7583 MiB, 24564 MiB, 100 %, 81
0, NVIDIA GeForce RTX 3060, 1711 MiB, 12288 MiB, 16 %, 53
1, NVIDIA GeForce RTX 4090, 7583 MiB, 24564 MiB, 100 %, 83
0, NVIDIA GeForce RTX 3060, 1711 MiB, 12288 MiB, 21 %, 53
1, NVIDIA GeForce RTX 4090, 7583 MiB, 24564 MiB, 99 %, 74
0, NVIDIA GeForce RTX 3060, 1709 MiB, 12288 MiB, 15 %, 53
1, NVIDIA GeForce RTX 4090, 7583 MiB, 24564 MiB, 100 %, 83
0, NVIDIA GeForce RTX 3060, 1709 MiB, 12288 MiB, 15 %, 53
1, NVIDIA GeForce RTX 4090, 7583 MiB, 24564 MiB, 100 %, 84
0, NVIDIA GeForce RTX 3060, 1708 MiB, 12288 MiB, 9 %, 53
1, NVIDIA GeForce RTX 4090, 7583 MiB, 24564 MiB, 98 %, 76
0, NVIDIA GeForce RTX 3060, 1698 MiB, 12288 MiB, 16 %, 53
1, NVIDIA GeForce RTX 4090, 7583 MiB, 24564 MiB, 100 %, 83
0, NVIDIA GeForce RTX 3060, 1698 MiB, 12288 MiB, 19 %, 53
1, NVIDIA GeForce RTX 4090, 7583 MiB, 24564 MiB, 99 %, 84
0, NVIDIA GeForce RTX 3060, 1698 MiB, 12288 MiB, 17 %, 53
1, NVIDIA GeForce RTX 4090, 7583 MiB, 24564 MiB, 99 %, 76
0, NVIDIA GeForce RTX 3060, 1698 MiB, 12288 MiB, 15 %, 53
1, NVIDIA GeForce RTX 4090, 7583 MiB, 24564 MiB, 100 %, 84
0, NVIDIA GeForce RTX 3060, 1698 MiB, 12288 MiB, 29 %, 53
1, NVIDIA GeForce RTX 4090, 7583 MiB, 24564 MiB, 98 %, 75
0, NVIDIA GeForce RTX 3060, 1708 MiB, 12288 MiB, 18 %, 53
1, NVIDIA GeForce RTX 4090, 7583 MiB, 24564 MiB, 100 %, 81
0, NVIDIA GeForce RTX 3060, 1709 MiB, 12288 MiB, 23 %, 53
1, NVIDIA GeForce RTX 4090, 7583 MiB, 24564 MiB, 100 %, 83
0, NVIDIA GeForce RTX 3060, 1709 MiB, 12288 MiB, 12 %, 53
1, NVIDIA GeForce RTX 4090, 7583 MiB, 24564 MiB, 99 %, 74
0, NVIDIA GeForce RTX 3060, 1709 MiB, 12288 MiB, 17 %, 53
1, NVIDIA GeForce RTX 4090, 7583 MiB, 24564 MiB, 100 %, 82
0, NVIDIA GeForce RTX 3060, 1709 MiB, 12288 MiB, 17 %, 53
1, NVIDIA GeForce RTX 4090, 7583 MiB, 24564 MiB, 100 %, 84
0, NVIDIA GeForce RTX 3060, 1708 MiB, 12288 MiB, 12 %, 53
1, NVIDIA GeForce RTX 4090, 7583 MiB, 24564 MiB, 99 %, 74
0, NVIDIA GeForce RTX 3060, 1708 MiB, 12288 MiB, 22 %, 54
1, NVIDIA GeForce RTX 4090, 7583 MiB, 24564 MiB, 100 %, 83
0, NVIDIA GeForce RTX 3060, 1697 MiB, 12288 MiB, 14 %, 53
1, NVIDIA GeForce RTX 4090, 7583 MiB, 24564 MiB, 99 %, 84
0, NVIDIA GeForce RTX 3060, 1697 MiB, 12288 MiB, 12 %, 53
1, NVIDIA GeForce RTX 4090, 7583 MiB, 24564 MiB, 99 %, 83
0, NVIDIA GeForce RTX 3060, 1697 MiB, 12288 MiB, 15 %, 53
1, NVIDIA GeForce RTX 4090, 7583 MiB, 24564 MiB, 100 %, 84
0, NVIDIA GeForce RTX 3060, 1704 MiB, 12288 MiB, 13 %, 53
1, NVIDIA GeForce RTX 4090, 7583 MiB, 24564 MiB, 99 %, 76
0, NVIDIA GeForce RTX 3060, 1704 MiB, 12288 MiB, 14 %, 53
1, NVIDIA GeForce RTX 4090, 7583 MiB, 24564 MiB, 100 %, 83
0, NVIDIA GeForce RTX 3060, 1708 MiB, 12288 MiB, 12 %, 54
1, NVIDIA GeForce RTX 4090, 7583 MiB, 24564 MiB, 100 %, 84
0, NVIDIA GeForce RTX 3060, 1709 MiB, 12288 MiB, 12 %, 54
1, NVIDIA GeForce RTX 4090, 7583 MiB, 24564 MiB, 100 %, 84
0, NVIDIA GeForce RTX 3060, 1709 MiB, 12288 MiB, 16 %, 54
1, NVIDIA GeForce RTX 4090, 7583 MiB, 24564 MiB, 97 %, 79
0, NVIDIA GeForce RTX 3060, 1709 MiB, 12288 MiB, 11 %, 54
1, NVIDIA GeForce RTX 4090, 7583 MiB, 24564 MiB, 100 %, 84
0, NVIDIA GeForce RTX 3060, 1709 MiB, 12288 MiB, 14 %, 54
1, NVIDIA GeForce RTX 4090, 7583 MiB, 24564 MiB, 94 %, 71
0, NVIDIA GeForce RTX 3060, 1713 MiB, 12288 MiB, 14 %, 54
1, NVIDIA GeForce RTX 4090, 7583 MiB, 24564 MiB, 99 %, 82
0, NVIDIA GeForce RTX 3060, 1703 MiB, 12288 MiB, 13 %, 54
1, NVIDIA GeForce RTX 4090, 7583 MiB, 24564 MiB, 100 %, 84
0, NVIDIA GeForce RTX 3060, 1704 MiB, 12288 MiB, 16 %, 54
1, NVIDIA GeForce RTX 4090, 7583 MiB, 24564 MiB, 98 %, 74
0, NVIDIA GeForce RTX 3060, 1704 MiB, 12288 MiB, 13 %, 54
1, NVIDIA GeForce RTX 4090, 7583 MiB, 24564 MiB, 100 %, 83
0, NVIDIA GeForce RTX 3060, 1704 MiB, 12288 MiB, 21 %, 54
1, NVIDIA GeForce RTX 4090, 7583 MiB, 24564 MiB, 100 %, 84
0, NVIDIA GeForce RTX 3060, 1704 MiB, 12288 MiB, 12 %, 54
1, NVIDIA GeForce RTX 4090, 7583 MiB, 24564 MiB, 98 %, 72
0, NVIDIA GeForce RTX 3060, 1703 MiB, 12288 MiB, 12 %, 54
1, NVIDIA GeForce RTX 4090, 7583 MiB, 24564 MiB, 100 %, 84
0, NVIDIA GeForce RTX 3060, 1697 MiB, 12288 MiB, 20 %, 54
1, NVIDIA GeForce RTX 4090, 7583 MiB, 24564 MiB, 100 %, 78
0, NVIDIA GeForce RTX 3060, 1697 MiB, 12288 MiB, 12 %, 54
1, NVIDIA GeForce RTX 4090, 7583 MiB, 24564 MiB, 98 %, 81
0, NVIDIA GeForce RTX 3060, 1697 MiB, 12288 MiB, 18 %, 54
1, NVIDIA GeForce RTX 4090, 7583 MiB, 24564 MiB, 100 %, 84
0, NVIDIA GeForce RTX 3060, 1697 MiB, 12288 MiB, 19 %, 54
1, NVIDIA GeForce RTX 4090, 7583 MiB, 24564 MiB, 99 %, 75
0, NVIDIA GeForce RTX 3060, 1697 MiB, 12288 MiB, 10 %, 54
1, NVIDIA GeForce RTX 4090, 7583 MiB, 24564 MiB, 99 %, 83
0, NVIDIA GeForce RTX 3060, 1697 MiB, 12288 MiB, 11 %, 54
1, NVIDIA GeForce RTX 4090, 7583 MiB, 24564 MiB, 100 %, 84
0, NVIDIA GeForce RTX 3060, 1697 MiB, 12288 MiB, 11 %, 54
1, NVIDIA GeForce RTX 4090, 7583 MiB, 24564 MiB, 99 %, 76
0, NVIDIA GeForce RTX 3060, 1697 MiB, 12288 MiB, 12 %, 54
1, NVIDIA GeForce RTX 4090, 7583 MiB, 24564 MiB, 100 %, 83
0, NVIDIA GeForce RTX 3060, 1697 MiB, 12288 MiB, 12 %, 54
1, NVIDIA GeForce RTX 4090, 7583 MiB, 24564 MiB, 100 %, 84
0, NVIDIA GeForce RTX 3060, 1697 MiB, 12288 MiB, 10 %, 54
1, NVIDIA GeForce RTX 4090, 7583 MiB, 24564 MiB, 98 %, 76
0, NVIDIA GeForce RTX 3060, 1697 MiB, 12288 MiB, 11 %, 54
1, NVIDIA GeForce RTX 4090, 7583 MiB, 24564 MiB, 100 %, 84
0, NVIDIA GeForce RTX 3060, 1708 MiB, 12288 MiB, 10 %, 54
1, NVIDIA GeForce RTX 4090, 7583 MiB, 24564 MiB, 99 %, 74
0, NVIDIA GeForce RTX 3060, 1708 MiB, 12288 MiB, 12 %, 54
1, NVIDIA GeForce RTX 4090, 7583 MiB, 24564 MiB, 99 %, 81
0, NVIDIA GeForce RTX 3060, 1708 MiB, 12288 MiB, 18 %, 54
1, NVIDIA GeForce RTX 4090, 7583 MiB, 24564 MiB, 100 %, 84
0, NVIDIA GeForce RTX 3060, 1708 MiB, 12288 MiB, 10 %, 54
1, NVIDIA GeForce RTX 4090, 7583 MiB, 24564 MiB, 98 %, 78
0, NVIDIA GeForce RTX 3060, 1708 MiB, 12288 MiB, 10 %, 54
1, NVIDIA GeForce RTX 4090, 7583 MiB, 24564 MiB, 99 %, 82
0, NVIDIA GeForce RTX 3060, 1708 MiB, 12288 MiB, 10 %, 54
1, NVIDIA GeForce RTX 4090, 7583 MiB, 24564 MiB, 100 %, 84
0, NVIDIA GeForce RTX 3060, 1698 MiB, 12288 MiB, 12 %, 54
1, NVIDIA GeForce RTX 4090, 7583 MiB, 24564 MiB, 98 %, 75
0, NVIDIA GeForce RTX 3060, 1698 MiB, 12288 MiB, 19 %, 54
1, NVIDIA GeForce RTX 4090, 7583 MiB, 24564 MiB, 100 %, 83
0, NVIDIA GeForce RTX 3060, 1698 MiB, 12288 MiB, 11 %, 54
1, NVIDIA GeForce RTX 4090, 7583 MiB, 24564 MiB, 100 %, 84
0, NVIDIA GeForce RTX 3060, 1698 MiB, 12288 MiB, 12 %, 54
1, NVIDIA GeForce RTX 4090, 7583 MiB, 24564 MiB, 98 %, 76
0, NVIDIA GeForce RTX 3060, 1698 MiB, 12288 MiB, 19 %, 54
1, NVIDIA GeForce RTX 4090, 7583 MiB, 24564 MiB, 100 %, 84
0, NVIDIA GeForce RTX 3060, 1708 MiB, 12288 MiB, 14 %, 54
1, NVIDIA GeForce RTX 4090, 7583 MiB, 24564 MiB, 100 %, 75
0, NVIDIA GeForce RTX 3060, 1708 MiB, 12288 MiB, 23 %, 54
1, NVIDIA GeForce RTX 4090, 7583 MiB, 24564 MiB, 100 %, 82
0, NVIDIA GeForce RTX 3060, 1709 MiB, 12288 MiB, 11 %, 54
1, NVIDIA GeForce RTX 4090, 7583 MiB, 24564 MiB, 100 %, 84
0, NVIDIA GeForce RTX 3060, 1709 MiB, 12288 MiB, 12 %, 54
1, NVIDIA GeForce RTX 4090, 7583 MiB, 24564 MiB, 98 %, 78
0, NVIDIA GeForce RTX 3060, 1709 MiB, 12288 MiB, 14 %, 54
1, NVIDIA GeForce RTX 4090, 7583 MiB, 24564 MiB, 100 %, 83
0, NVIDIA GeForce RTX 3060, 1709 MiB, 12288 MiB, 12 %, 54
1, NVIDIA GeForce RTX 4090, 7583 MiB, 24564 MiB, 100 %, 84
0, NVIDIA GeForce RTX 3060, 1708 MiB, 12288 MiB, 15 %, 54
1, NVIDIA GeForce RTX 4090, 7583 MiB, 24564 MiB, 99 %, 71
0, NVIDIA GeForce RTX 3060, 1697 MiB, 12288 MiB, 11 %, 54
1, NVIDIA GeForce RTX 4090, 7583 MiB, 24564 MiB, 100 %, 84
0, NVIDIA GeForce RTX 3060, 1697 MiB, 12288 MiB, 12 %, 54
1, NVIDIA GeForce RTX 4090, 7583 MiB, 24564 MiB, 100 %, 85
0, NVIDIA GeForce RTX 3060, 1708 MiB, 12288 MiB, 18 %, 54
1, NVIDIA GeForce RTX 4090, 7583 MiB, 24564 MiB, 99 %, 81
0, NVIDIA GeForce RTX 3060, 1701 MiB, 12288 MiB, 12 %, 54
1, NVIDIA GeForce RTX 4090, 7583 MiB, 24564 MiB, 100 %, 84
0, NVIDIA GeForce RTX 3060, 1701 MiB, 12288 MiB, 13 %, 54
1, NVIDIA GeForce RTX 4090, 7583 MiB, 24564 MiB, 99 %, 71
0, NVIDIA GeForce RTX 3060, 1701 MiB, 12288 MiB, 13 %, 54
1, NVIDIA GeForce RTX 4090, 7583 MiB, 24564 MiB, 99 %, 82
0, NVIDIA GeForce RTX 3060, 1701 MiB, 12288 MiB, 13 %, 54
1, NVIDIA GeForce RTX 4090, 7583 MiB, 24564 MiB, 100 %, 84
0, NVIDIA GeForce RTX 3060, 1700 MiB, 12288 MiB, 20 %, 54
1, NVIDIA GeForce RTX 4090, 7583 MiB, 24564 MiB, 99 %, 76
0, NVIDIA GeForce RTX 3060, 1698 MiB, 12288 MiB, 12 %, 54
1, NVIDIA GeForce RTX 4090, 7583 MiB, 24564 MiB, 100 %, 83
0, NVIDIA GeForce RTX 3060, 1698 MiB, 12288 MiB, 19 %, 54
1, NVIDIA GeForce RTX 4090, 7583 MiB, 24564 MiB, 100 %, 84
0, NVIDIA GeForce RTX 3060, 1698 MiB, 12288 MiB, 12 %, 54
1, NVIDIA GeForce RTX 4090, 7583 MiB, 24564 MiB, 99 %, 74
0, NVIDIA GeForce RTX 3060, 1698 MiB, 12288 MiB, 13 %, 54
1, NVIDIA GeForce RTX 4090, 7583 MiB, 24564 MiB, 99 %, 80
0, NVIDIA GeForce RTX 3060, 1708 MiB, 12288 MiB, 16 %, 55
1, NVIDIA GeForce RTX 4090, 7583 MiB, 24564 MiB, 100 %, 84
0, NVIDIA GeForce RTX 3060, 1709 MiB, 12288 MiB, 12 %, 55
1, NVIDIA GeForce RTX 4090, 7583 MiB, 24564 MiB, 99 %, 71
0, NVIDIA GeForce RTX 3060, 1709 MiB, 12288 MiB, 18 %, 54
1, NVIDIA GeForce RTX 4090, 7583 MiB, 24564 MiB, 99 %, 83
0, NVIDIA GeForce RTX 3060, 1709 MiB, 12288 MiB, 11 %, 55
1, NVIDIA GeForce RTX 4090, 7583 MiB, 24564 MiB, 100 %, 84
0, NVIDIA GeForce RTX 3060, 1709 MiB, 12288 MiB, 13 %, 55
1, NVIDIA GeForce RTX 4090, 7583 MiB, 24564 MiB, 100 %, 75
0, NVIDIA GeForce RTX 3060, 1708 MiB, 12288 MiB, 14 %, 54
1, NVIDIA GeForce RTX 4090, 7583 MiB, 24564 MiB, 100 %, 83
0, NVIDIA GeForce RTX 3060, 1697 MiB, 12288 MiB, 16 %, 55
1, NVIDIA GeForce RTX 4090, 7583 MiB, 24564 MiB, 100 %, 84
0, NVIDIA GeForce RTX 3060, 1697 MiB, 12288 MiB, 16 %, 55
1, NVIDIA GeForce RTX 4090, 7583 MiB, 24564 MiB, 99 %, 75
0, NVIDIA GeForce RTX 3060, 1697 MiB, 12288 MiB, 10 %, 55
1, NVIDIA GeForce RTX 4090, 7583 MiB, 24564 MiB, 100 %, 83
0, NVIDIA GeForce RTX 3060, 1697 MiB, 12288 MiB, 10 %, 55
1, NVIDIA GeForce RTX 4090, 7583 MiB, 24564 MiB, 99 %, 78
0, NVIDIA GeForce RTX 3060, 1697 MiB, 12288 MiB, 15 %, 55
1, NVIDIA GeForce RTX 4090, 7583 MiB, 24564 MiB, 100 %, 81
0, NVIDIA GeForce RTX 3060, 1708 MiB, 12288 MiB, 14 %, 55
1, NVIDIA GeForce RTX 4090, 7583 MiB, 24564 MiB, 100 %, 84
0, NVIDIA GeForce RTX 3060, 1709 MiB, 12288 MiB, 14 %, 55
1, NVIDIA GeForce RTX 4090, 7583 MiB, 24564 MiB, 99 %, 76
0, NVIDIA GeForce RTX 3060, 1715 MiB, 12288 MiB, 16 %, 55
1, NVIDIA GeForce RTX 4090, 7583 MiB, 24564 MiB, 100 %, 83
0, NVIDIA GeForce RTX 3060, 1715 MiB, 12288 MiB, 12 %, 55
1, NVIDIA GeForce RTX 4090, 7583 MiB, 24564 MiB, 100 %, 84
0, NVIDIA GeForce RTX 3060, 1715 MiB, 12288 MiB, 20 %, 55
1, NVIDIA GeForce RTX 4090, 7583 MiB, 24564 MiB, 99 %, 74
0, NVIDIA GeForce RTX 3060, 1708 MiB, 12288 MiB, 12 %, 55
1, NVIDIA GeForce RTX 4090, 7583 MiB, 24564 MiB, 100 %, 84
0, NVIDIA GeForce RTX 3060, 1713 MiB, 12288 MiB, 18 %, 55
1, NVIDIA GeForce RTX 4090, 7583 MiB, 24564 MiB, 99 %, 85
0, NVIDIA GeForce RTX 3060, 1709 MiB, 12288 MiB, 12 %, 55
1, NVIDIA GeForce RTX 4090, 7583 MiB, 24564 MiB, 99 %, 77
0, NVIDIA GeForce RTX 3060, 1709 MiB, 12288 MiB, 15 %, 55
1, NVIDIA GeForce RTX 4090, 7583 MiB, 24564 MiB, 100 %, 84
0, NVIDIA GeForce RTX 3060, 1713 MiB, 12288 MiB, 18 %, 55
1, NVIDIA GeForce RTX 4090, 7583 MiB, 24564 MiB, 98 %, 75
0, NVIDIA GeForce RTX 3060, 1713 MiB, 12288 MiB, 12 %, 55
1, NVIDIA GeForce RTX 4090, 7583 MiB, 24564 MiB, 100 %, 83
0, NVIDIA GeForce RTX 3060, 1713 MiB, 12288 MiB, 12 %, 55
1, NVIDIA GeForce RTX 4090, 7583 MiB, 24564 MiB, 100 %, 85
0, NVIDIA GeForce RTX 3060, 1713 MiB, 12288 MiB, 12 %, 55
1, NVIDIA GeForce RTX 4090, 7583 MiB, 24564 MiB, 98 %, 76
0, NVIDIA GeForce RTX 3060, 1708 MiB, 12288 MiB, 15 %, 55
1, NVIDIA GeForce RTX 4090, 7583 MiB, 24564 MiB, 100 %, 83
0, NVIDIA GeForce RTX 3060, 1708 MiB, 12288 MiB, 16 %, 55
1, NVIDIA GeForce RTX 4090, 7583 MiB, 24564 MiB, 100 %, 84
0, NVIDIA GeForce RTX 3060, 1708 MiB, 12288 MiB, 12 %, 55
1, NVIDIA GeForce RTX 4090, 7583 MiB, 24564 MiB, 98 %, 71
0, NVIDIA GeForce RTX 3060, 1713 MiB, 12288 MiB, 13 %, 55
1, NVIDIA GeForce RTX 4090, 7583 MiB, 24564 MiB, 100 %, 84
0, NVIDIA GeForce RTX 3060, 1713 MiB, 12288 MiB, 13 %, 55
1, NVIDIA GeForce RTX 4090, 7583 MiB, 24564 MiB, 98 %, 84
0, NVIDIA GeForce RTX 3060, 1704 MiB, 12288 MiB, 14 %, 55
1, NVIDIA GeForce RTX 4090, 7583 MiB, 24564 MiB, 99 %, 80
0, NVIDIA GeForce RTX 3060, 1704 MiB, 12288 MiB, 13 %, 55
1, NVIDIA GeForce RTX 4090, 7583 MiB, 24564 MiB, 100 %, 84
0, NVIDIA GeForce RTX 3060, 1710 MiB, 12288 MiB, 12 %, 55
1, NVIDIA GeForce RTX 4090, 7583 MiB, 24564 MiB, 99 %, 72
0, NVIDIA GeForce RTX 3060, 1709 MiB, 12288 MiB, 12 %, 55
1, NVIDIA GeForce RTX 4090, 7583 MiB, 24564 MiB, 100 %, 83
0, NVIDIA GeForce RTX 3060, 1703 MiB, 12288 MiB, 13 %, 55
1, NVIDIA GeForce RTX 4090, 7583 MiB, 24564 MiB, 100 %, 84
0, NVIDIA GeForce RTX 3060, 1697 MiB, 12288 MiB, 19 %, 55
1, NVIDIA GeForce RTX 4090, 7583 MiB, 24564 MiB, 98 %, 73
0, NVIDIA GeForce RTX 3060, 1697 MiB, 12288 MiB, 19 %, 55
1, NVIDIA GeForce RTX 4090, 7583 MiB, 24564 MiB, 100 %, 83
0, NVIDIA GeForce RTX 3060, 1697 MiB, 12288 MiB, 12 %, 55
1, NVIDIA GeForce RTX 4090, 7583 MiB, 24564 MiB, 100 %, 84
0, NVIDIA GeForce RTX 3060, 1708 MiB, 12288 MiB, 12 %, 55
1, NVIDIA GeForce RTX 4090, 7583 MiB, 24564 MiB, 98 %, 70
0, NVIDIA GeForce RTX 3060, 1709 MiB, 12288 MiB, 14 %, 55
1, NVIDIA GeForce RTX 4090, 7583 MiB, 24564 MiB, 100 %, 83
0, NVIDIA GeForce RTX 3060, 1709 MiB, 12288 MiB, 22 %, 55
1, NVIDIA GeForce RTX 4090, 7583 MiB, 24564 MiB, 99 %, 78
0, NVIDIA GeForce RTX 3060, 1709 MiB, 12288 MiB, 19 %, 55
1, NVIDIA GeForce RTX 4090, 7583 MiB, 24564 MiB, 99 %, 81
0, NVIDIA GeForce RTX 3060, 1709 MiB, 12288 MiB, 14 %, 55
1, NVIDIA GeForce RTX 4090, 7583 MiB, 24564 MiB, 100 %, 84
0, NVIDIA GeForce RTX 3060, 1709 MiB, 12288 MiB, 12 %, 55
1, NVIDIA GeForce RTX 4090, 7583 MiB, 24564 MiB, 100 %, 73
0, NVIDIA GeForce RTX 3060, 1708 MiB, 12288 MiB, 19 %, 55
1, NVIDIA GeForce RTX 4090, 7583 MiB, 24564 MiB, 100 %, 83
0, NVIDIA GeForce RTX 3060, 1697 MiB, 12288 MiB, 12 %, 55
1, NVIDIA GeForce RTX 4090, 7583 MiB, 24564 MiB, 100 %, 84
0, NVIDIA GeForce RTX 3060, 1697 MiB, 12288 MiB, 13 %, 55
1, NVIDIA GeForce RTX 4090, 7583 MiB, 24564 MiB, 97 %, 76
0, NVIDIA GeForce RTX 3060, 1697 MiB, 12288 MiB, 15 %, 55
1, NVIDIA GeForce RTX 4090, 7583 MiB, 24564 MiB, 100 %, 83
0, NVIDIA GeForce RTX 3060, 1697 MiB, 12288 MiB, 13 %, 55
1, NVIDIA GeForce RTX 4090, 7583 MiB, 24564 MiB, 99 %, 84
0, NVIDIA GeForce RTX 3060, 1698 MiB, 12288 MiB, 19 %, 55
1, NVIDIA GeForce RTX 4090, 7583 MiB, 24564 MiB, 99 %, 82
0, NVIDIA GeForce RTX 3060, 1708 MiB, 12288 MiB, 12 %, 55
1, NVIDIA GeForce RTX 4090, 7583 MiB, 24564 MiB, 100 %, 84
0, NVIDIA GeForce RTX 3060, 1709 MiB, 12288 MiB, 12 %, 55
1, NVIDIA GeForce RTX 4090, 7583 MiB, 24564 MiB, 98 %, 77
0, NVIDIA GeForce RTX 3060, 1709 MiB, 12288 MiB, 14 %, 55
1, NVIDIA GeForce RTX 4090, 7583 MiB, 24564 MiB, 100 %, 81
0, NVIDIA GeForce RTX 3060, 1709 MiB, 12288 MiB, 13 %, 55
1, NVIDIA GeForce RTX 4090, 7583 MiB, 24564 MiB, 100 %, 84
0, NVIDIA GeForce RTX 3060, 1709 MiB, 12288 MiB, 20 %, 55
1, NVIDIA GeForce RTX 4090, 7583 MiB, 24564 MiB, 99 %, 77
0, NVIDIA GeForce RTX 3060, 1715 MiB, 12288 MiB, 12 %, 55
1, NVIDIA GeForce RTX 4090, 7583 MiB, 24564 MiB, 100 %, 83
0, NVIDIA GeForce RTX 3060, 1704 MiB, 12288 MiB, 13 %, 55
1, NVIDIA GeForce RTX 4090, 7583 MiB, 24564 MiB, 100 %, 84
0, NVIDIA GeForce RTX 3060, 1704 MiB, 12288 MiB, 19 %, 55
1, NVIDIA GeForce RTX 4090, 7583 MiB, 24564 MiB, 98 %, 75
0, NVIDIA GeForce RTX 3060, 1697 MiB, 12288 MiB, 14 %, 55
1, NVIDIA GeForce RTX 4090, 7583 MiB, 24564 MiB, 100 %, 84
0, NVIDIA GeForce RTX 3060, 1708 MiB, 12288 MiB, 19 %, 55
1, NVIDIA GeForce RTX 4090, 7583 MiB, 24564 MiB, 99 %, 85
0, NVIDIA GeForce RTX 3060, 1709 MiB, 12288 MiB, 12 %, 55
1, NVIDIA GeForce RTX 4090, 7583 MiB, 24564 MiB, 99 %, 77
0, NVIDIA GeForce RTX 3060, 1711 MiB, 12288 MiB, 12 %, 55
1, NVIDIA GeForce RTX 4090, 7583 MiB, 24564 MiB, 99 %, 81
0, NVIDIA GeForce RTX 3060, 1711 MiB, 12288 MiB, 16 %, 55
1, NVIDIA GeForce RTX 4090, 7583 MiB, 24564 MiB, 100 %, 84
0, NVIDIA GeForce RTX 3060, 1711 MiB, 12288 MiB, 13 %, 55
1, NVIDIA GeForce RTX 4090, 7583 MiB, 24564 MiB, 99 %, 71
0, NVIDIA GeForce RTX 3060, 1711 MiB, 12288 MiB, 18 %, 55
1, NVIDIA GeForce RTX 4090, 7583 MiB, 24564 MiB, 100 %, 84
0, NVIDIA GeForce RTX 3060, 1709 MiB, 12288 MiB, 12 %, 55
1, NVIDIA GeForce RTX 4090, 7583 MiB, 24564 MiB, 100 %, 85
0, NVIDIA GeForce RTX 3060, 1709 MiB, 12288 MiB, 12 %, 55
1, NVIDIA GeForce RTX 4090, 7583 MiB, 24564 MiB, 97 %, 79
0, NVIDIA GeForce RTX 3060, 1697 MiB, 12288 MiB, 16 %, 56
1, NVIDIA GeForce RTX 4090, 7583 MiB, 24564 MiB, 100 %, 83
0, NVIDIA GeForce RTX 3060, 1697 MiB, 12288 MiB, 14 %, 55
1, NVIDIA GeForce RTX 4090, 7583 MiB, 24564 MiB, 99 %, 72
0, NVIDIA GeForce RTX 3060, 1697 MiB, 12288 MiB, 16 %, 55
1, NVIDIA GeForce RTX 4090, 7583 MiB, 24564 MiB, 99 %, 83
0, NVIDIA GeForce RTX 3060, 1697 MiB, 12288 MiB, 12 %, 55
1, NVIDIA GeForce RTX 4090, 7583 MiB, 24564 MiB, 100 %, 84
0, NVIDIA GeForce RTX 3060, 1697 MiB, 12288 MiB, 12 %, 55
1, NVIDIA GeForce RTX 4090, 7583 MiB, 24564 MiB, 98 %, 73
0, NVIDIA GeForce RTX 3060, 1697 MiB, 12288 MiB, 14 %, 55
1, NVIDIA GeForce RTX 4090, 7583 MiB, 24564 MiB, 100 %, 83
0, NVIDIA GeForce RTX 3060, 1708 MiB, 12288 MiB, 13 %, 56
1, NVIDIA GeForce RTX 4090, 7583 MiB, 24564 MiB, 100 %, 84
0, NVIDIA GeForce RTX 3060, 1709 MiB, 12288 MiB, 20 %, 56
1, NVIDIA GeForce RTX 4090, 7583 MiB, 24564 MiB, 99 %, 72
0, NVIDIA GeForce RTX 3060, 1709 MiB, 12288 MiB, 12 %, 55
1, NVIDIA GeForce RTX 4090, 7583 MiB, 24564 MiB, 100 %, 84
0, NVIDIA GeForce RTX 3060, 1709 MiB, 12288 MiB, 12 %, 56
1, NVIDIA GeForce RTX 4090, 7583 MiB, 24564 MiB, 100 %, 77
0, NVIDIA GeForce RTX 3060, 1709 MiB, 12288 MiB, 17 %, 56
1, NVIDIA GeForce RTX 4090, 7583 MiB, 24564 MiB, 97 %, 81
0, NVIDIA GeForce RTX 3060, 1714 MiB, 12288 MiB, 15 %, 55
1, NVIDIA GeForce RTX 4090, 7583 MiB, 24564 MiB, 100 %, 84
0, NVIDIA GeForce RTX 3060, 1714 MiB, 12288 MiB, 21 %, 56
1, NVIDIA GeForce RTX 4090, 7583 MiB, 24564 MiB, 99 %, 75
0, NVIDIA GeForce RTX 3060, 1704 MiB, 12288 MiB, 12 %, 56
1, NVIDIA GeForce RTX 4090, 7583 MiB, 24564 MiB, 99 %, 83
0, NVIDIA GeForce RTX 3060, 1698 MiB, 12288 MiB, 12 %, 56
1, NVIDIA GeForce RTX 4090, 7583 MiB, 24564 MiB, 100 %, 84
0, NVIDIA GeForce RTX 3060, 1708 MiB, 12288 MiB, 15 %, 56
1, NVIDIA GeForce RTX 4090, 7583 MiB, 24564 MiB, 98 %, 76
0, NVIDIA GeForce RTX 3060, 1709 MiB, 12288 MiB, 13 %, 56
1, NVIDIA GeForce RTX 4090, 7583 MiB, 24564 MiB, 100 %, 84
0, NVIDIA GeForce RTX 3060, 1709 MiB, 12288 MiB, 18 %, 56
1, NVIDIA GeForce RTX 4090, 7583 MiB, 24564 MiB, 100 %, 84
0, NVIDIA GeForce RTX 3060, 1711 MiB, 12288 MiB, 13 %, 56
1, NVIDIA GeForce RTX 4090, 7583 MiB, 24564 MiB, 98 %, 75
0, NVIDIA GeForce RTX 3060, 1711 MiB, 12288 MiB, 12 %, 56
1, NVIDIA GeForce RTX 4090, 7583 MiB, 24564 MiB, 100 %, 84
0, NVIDIA GeForce RTX 3060, 1711 MiB, 12288 MiB, 15 %, 56
1, NVIDIA GeForce RTX 4090, 7583 MiB, 24564 MiB, 100 %, 78
0, NVIDIA GeForce RTX 3060, 1709 MiB, 12288 MiB, 13 %, 56
1, NVIDIA GeForce RTX 4090, 7583 MiB, 24564 MiB, 98 %, 81
0, NVIDIA GeForce RTX 3060, 1709 MiB, 12288 MiB, 17 %, 56
1, NVIDIA GeForce RTX 4090, 7583 MiB, 24564 MiB, 100 %, 84
0, NVIDIA GeForce RTX 3060, 1708 MiB, 12288 MiB, 15 %, 56
1, NVIDIA GeForce RTX 4090, 7583 MiB, 24564 MiB, 99 %, 78
0, NVIDIA GeForce RTX 3060, 1697 MiB, 12288 MiB, 12 %, 56
1, NVIDIA GeForce RTX 4090, 7583 MiB, 24564 MiB, 99 %, 83
0, NVIDIA GeForce RTX 3060, 1697 MiB, 12288 MiB, 14 %, 56
1, NVIDIA GeForce RTX 4090, 7583 MiB, 24564 MiB, 100 %, 84
0, NVIDIA GeForce RTX 3060, 1697 MiB, 12288 MiB, 14 %, 56
1, NVIDIA GeForce RTX 4090, 7583 MiB, 24564 MiB, 98 %, 74
0, NVIDIA GeForce RTX 3060, 1697 MiB, 12288 MiB, 22 %, 56
1, NVIDIA GeForce RTX 4090, 7583 MiB, 24564 MiB, 100 %, 84
0, NVIDIA GeForce RTX 3060, 1697 MiB, 12288 MiB, 12 %, 56
1, NVIDIA GeForce RTX 4090, 7583 MiB, 24564 MiB, 100 %, 85
0, NVIDIA GeForce RTX 3060, 1708 MiB, 12288 MiB, 12 %, 56
1, NVIDIA GeForce RTX 4090, 7583 MiB, 24564 MiB, 98 %, 76
0, NVIDIA GeForce RTX 3060, 1708 MiB, 12288 MiB, 17 %, 56
1, NVIDIA GeForce RTX 4090, 7583 MiB, 24564 MiB, 100 %, 84
0, NVIDIA GeForce RTX 3060, 1709 MiB, 12288 MiB, 15 %, 56
1, NVIDIA GeForce RTX 4090, 7583 MiB, 24564 MiB, 100 %, 74
0, NVIDIA GeForce RTX 3060, 1709 MiB, 12288 MiB, 20 %, 56
1, NVIDIA GeForce RTX 4090, 7583 MiB, 24564 MiB, 99 %, 82
0, NVIDIA GeForce RTX 3060, 1709 MiB, 12288 MiB, 14 %, 56
1, NVIDIA GeForce RTX 4090, 7583 MiB, 24564 MiB, 100 %, 84
0, NVIDIA GeForce RTX 3060, 1709 MiB, 12288 MiB, 12 %, 56
1, NVIDIA GeForce RTX 4090, 7583 MiB, 24564 MiB, 99 %, 79
0, NVIDIA GeForce RTX 3060, 1708 MiB, 12288 MiB, 19 %, 56
1, NVIDIA GeForce RTX 4090, 7583 MiB, 24564 MiB, 100 %, 83
0, NVIDIA GeForce RTX 3060, 1697 MiB, 12288 MiB, 17 %, 56
1, NVIDIA GeForce RTX 4090, 7583 MiB, 24564 MiB, 100 %, 85
0, NVIDIA GeForce RTX 3060, 1697 MiB, 12288 MiB, 18 %, 56
1, NVIDIA GeForce RTX 4090, 7583 MiB, 24564 MiB, 99 %, 70
0, NVIDIA GeForce RTX 3060, 1697 MiB, 12288 MiB, 17 %, 56
1, NVIDIA GeForce RTX 4090, 7583 MiB, 24564 MiB, 100 %, 84
0, NVIDIA GeForce RTX 3060, 1697 MiB, 12288 MiB, 12 %, 56
1, NVIDIA GeForce RTX 4090, 7583 MiB, 24564 MiB, 100 %, 84
0, NVIDIA GeForce RTX 3060, 1698 MiB, 12288 MiB, 12 %, 56
1, NVIDIA GeForce RTX 4090, 7583 MiB, 24564 MiB, 99 %, 80
0, NVIDIA GeForce RTX 3060, 1708 MiB, 12288 MiB, 13 %, 56
1, NVIDIA GeForce RTX 4090, 7583 MiB, 24564 MiB, 100 %, 84
0, NVIDIA GeForce RTX 3060, 1709 MiB, 12288 MiB, 16 %, 56
1, NVIDIA GeForce RTX 4090, 7583 MiB, 24564 MiB, 99 %, 71
0, NVIDIA GeForce RTX 3060, 1709 MiB, 12288 MiB, 15 %, 56
1, NVIDIA GeForce RTX 4090, 7583 MiB, 24564 MiB, 99 %, 83
0, NVIDIA GeForce RTX 3060, 1709 MiB, 12288 MiB, 12 %, 56
1, NVIDIA GeForce RTX 4090, 7583 MiB, 24564 MiB, 100 %, 84
0, NVIDIA GeForce RTX 3060, 1709 MiB, 12288 MiB, 11 %, 56
1, NVIDIA GeForce RTX 4090, 7583 MiB, 24564 MiB, 98 %, 77
0, NVIDIA GeForce RTX 3060, 1709 MiB, 12288 MiB, 11 %, 56
1, NVIDIA GeForce RTX 4090, 7583 MiB, 24564 MiB, 100 %, 84
0, NVIDIA GeForce RTX 3060, 1708 MiB, 12288 MiB, 20 %, 56
1, NVIDIA GeForce RTX 4090, 7583 MiB, 24564 MiB, 100 %, 85
0, NVIDIA GeForce RTX 3060, 1697 MiB, 12288 MiB, 20 %, 56
1, NVIDIA GeForce RTX 4090, 7583 MiB, 24564 MiB, 99 %, 77
0, NVIDIA GeForce RTX 3060, 1697 MiB, 12288 MiB, 12 %, 56
1, NVIDIA GeForce RTX 4090, 7583 MiB, 24564 MiB, 100 %, 84
0, NVIDIA GeForce RTX 3060, 1704 MiB, 12288 MiB, 19 %, 56
1, NVIDIA GeForce RTX 4090, 7583 MiB, 24564 MiB, 99 %, 75
0, NVIDIA GeForce RTX 3060, 1704 MiB, 12288 MiB, 12 %, 56
1, NVIDIA GeForce RTX 4090, 7583 MiB, 24564 MiB, 99 %, 82
0, NVIDIA GeForce RTX 3060, 1704 MiB, 12288 MiB, 20 %, 56
1, NVIDIA GeForce RTX 4090, 7583 MiB, 24564 MiB, 100 %, 84
0, NVIDIA GeForce RTX 3060, 1708 MiB, 12288 MiB, 22 %, 56
1, NVIDIA GeForce RTX 4090, 7583 MiB, 24564 MiB, 99 %, 76
0, NVIDIA GeForce RTX 3060, 1709 MiB, 12288 MiB, 12 %, 56
1, NVIDIA GeForce RTX 4090, 7583 MiB, 24564 MiB, 99 %, 83
0, NVIDIA GeForce RTX 3060, 1709 MiB, 12288 MiB, 12 %, 56
1, NVIDIA GeForce RTX 4090, 7583 MiB, 24564 MiB, 100 %, 83
0, NVIDIA GeForce RTX 3060, 1709 MiB, 12288 MiB, 11 %, 56
1, NVIDIA GeForce RTX 4090, 7583 MiB, 24564 MiB, 100 %, 84
0, NVIDIA GeForce RTX 3060, 1709 MiB, 12288 MiB, 18 %, 56
1, NVIDIA GeForce RTX 4090, 7583 MiB, 24564 MiB, 99 %, 74
0, NVIDIA GeForce RTX 3060, 1708 MiB, 12288 MiB, 22 %, 56
1, NVIDIA GeForce RTX 4090, 7583 MiB, 24564 MiB, 100 %, 84
0, NVIDIA GeForce RTX 3060, 1697 MiB, 12288 MiB, 12 %, 56
1, NVIDIA GeForce RTX 4090, 7583 MiB, 24564 MiB, 100 %, 77
0, NVIDIA GeForce RTX 3060, 1697 MiB, 12288 MiB, 11 %, 56
1, NVIDIA GeForce RTX 4090, 7583 MiB, 24564 MiB, 99 %, 81
0, NVIDIA GeForce RTX 3060, 1697 MiB, 12288 MiB, 13 %, 56
1, NVIDIA GeForce RTX 4090, 7583 MiB, 24564 MiB, 100 %, 84
0, NVIDIA GeForce RTX 3060, 1697 MiB, 12288 MiB, 16 %, 56
1, NVIDIA GeForce RTX 4090, 7583 MiB, 24564 MiB, 99 %, 75
0, NVIDIA GeForce RTX 3060, 1697 MiB, 12288 MiB, 15 %, 56
1, NVIDIA GeForce RTX 4090, 7583 MiB, 24564 MiB, 99 %, 83
0, NVIDIA GeForce RTX 3060, 1708 MiB, 12288 MiB, 12 %, 56
1, NVIDIA GeForce RTX 4090, 7583 MiB, 24564 MiB, 100 %, 85
0, NVIDIA GeForce RTX 3060, 1709 MiB, 12288 MiB, 12 %, 56
1, NVIDIA GeForce RTX 4090, 7583 MiB, 24564 MiB, 99 %, 77
0, NVIDIA GeForce RTX 3060, 1709 MiB, 12288 MiB, 12 %, 56
1, NVIDIA GeForce RTX 4090, 7583 MiB, 24564 MiB, 100 %, 84
0, NVIDIA GeForce RTX 3060, 1709 MiB, 12288 MiB, 21 %, 56
1, NVIDIA GeForce RTX 4090, 7583 MiB, 24564 MiB, 100 %, 85
0, NVIDIA GeForce RTX 3060, 1710 MiB, 12288 MiB, 21 %, 56
1, NVIDIA GeForce RTX 4090, 7583 MiB, 24564 MiB, 98 %, 76
0, NVIDIA GeForce RTX 3060, 1709 MiB, 12288 MiB, 13 %, 56
1, NVIDIA GeForce RTX 4090, 7583 MiB, 24564 MiB, 100 %, 84
0, NVIDIA GeForce RTX 3060, 1704 MiB, 12288 MiB, 13 %, 56
1, NVIDIA GeForce RTX 4090, 7583 MiB, 24564 MiB, 99 %, 75
0, NVIDIA GeForce RTX 3060, 1705 MiB, 12288 MiB, 12 %, 56
1, NVIDIA GeForce RTX 4090, 7583 MiB, 24564 MiB, 99 %, 82
0, NVIDIA GeForce RTX 3060, 1705 MiB, 12288 MiB, 20 %, 56
1, NVIDIA GeForce RTX 4090, 7583 MiB, 24564 MiB, 100 %, 84
0, NVIDIA GeForce RTX 3060, 1705 MiB, 12288 MiB, 20 %, 56
1, NVIDIA GeForce RTX 4090, 7583 MiB, 24564 MiB, 98 %, 79
0, NVIDIA GeForce RTX 3060, 1704 MiB, 12288 MiB, 12 %, 56
1, NVIDIA GeForce RTX 4090, 7583 MiB, 24564 MiB, 100 %, 83
0, NVIDIA GeForce RTX 3060, 1703 MiB, 12288 MiB, 14 %, 56
1, NVIDIA GeForce RTX 4090, 7583 MiB, 24564 MiB, 100 %, 84
0, NVIDIA GeForce RTX 3060, 1708 MiB, 12288 MiB, 12 %, 56
1, NVIDIA GeForce RTX 4090, 7583 MiB, 24564 MiB, 98 %, 70
0, NVIDIA GeForce RTX 3060, 1709 MiB, 12288 MiB, 16 %, 56
1, NVIDIA GeForce RTX 4090, 7583 MiB, 24564 MiB, 100 %, 84
0, NVIDIA GeForce RTX 3060, 1709 MiB, 12288 MiB, 21 %, 56
1, NVIDIA GeForce RTX 4090, 7583 MiB, 24564 MiB, 98 %, 84
0, NVIDIA GeForce RTX 3060, 1709 MiB, 12288 MiB, 12 %, 56
1, NVIDIA GeForce RTX 4090, 7583 MiB, 24564 MiB, 98 %, 76
0, NVIDIA GeForce RTX 3060, 1714 MiB, 12288 MiB, 12 %, 56
1, NVIDIA GeForce RTX 4090, 7583 MiB, 24564 MiB, 100 %, 84
0, NVIDIA GeForce RTX 3060, 1713 MiB, 12288 MiB, 12 %, 56
1, NVIDIA GeForce RTX 4090, 7583 MiB, 24564 MiB, 71 %, 75
0, NVIDIA GeForce RTX 3060, 1713 MiB, 12288 MiB, 19 %, 56
1, NVIDIA GeForce RTX 4090, 7583 MiB, 24564 MiB, 28 %, 69
0, NVIDIA GeForce RTX 3060, 1703 MiB, 12288 MiB, 21 %, 56
1, NVIDIA GeForce RTX 4090, 7583 MiB, 24564 MiB, 81 %, 71
0, NVIDIA GeForce RTX 3060, 1710 MiB, 12288 MiB, 11 %, 56
1, NVIDIA GeForce RTX 4090, 7583 MiB, 24564 MiB, 100 %, 83
0, NVIDIA GeForce RTX 3060, 1710 MiB, 12288 MiB, 12 %, 56
1, NVIDIA GeForce RTX 4090, 7583 MiB, 24564 MiB, 100 %, 84
0, NVIDIA GeForce RTX 3060, 1704 MiB, 12288 MiB, 17 %, 56
1, NVIDIA GeForce RTX 4090, 7583 MiB, 24564 MiB, 99 %, 71
0, NVIDIA GeForce RTX 3060, 1698 MiB, 12288 MiB, 14 %, 56
1, NVIDIA GeForce RTX 4090, 7583 MiB, 24564 MiB, 100 %, 84
0, NVIDIA GeForce RTX 3060, 1703 MiB, 12288 MiB, 20 %, 56
1, NVIDIA GeForce RTX 4090, 7583 MiB, 24564 MiB, 98 %, 81
0, NVIDIA GeForce RTX 3060, 1702 MiB, 12288 MiB, 12 %, 56
1, NVIDIA GeForce RTX 4090, 7583 MiB, 24564 MiB, 99 %, 80
0, NVIDIA GeForce RTX 3060, 1702 MiB, 12288 MiB, 12 %, 56
1, NVIDIA GeForce RTX 4090, 7583 MiB, 24564 MiB, 100 %, 83
0, NVIDIA GeForce RTX 3060, 1702 MiB, 12288 MiB, 19 %, 56
1, NVIDIA GeForce RTX 4090, 7583 MiB, 24564 MiB, 99 %, 71
0, NVIDIA GeForce RTX 3060, 1702 MiB, 12288 MiB, 14 %, 56
1, NVIDIA GeForce RTX 4090, 7583 MiB, 24564 MiB, 100 %, 82
0, NVIDIA GeForce RTX 3060, 1697 MiB, 12288 MiB, 22 %, 56
1, NVIDIA GeForce RTX 4090, 7583 MiB, 24564 MiB, 100 %, 84
0, NVIDIA GeForce RTX 3060, 1707 MiB, 12288 MiB, 12 %, 57
1, NVIDIA GeForce RTX 4090, 7583 MiB, 24564 MiB, 98 %, 73
0, NVIDIA GeForce RTX 3060, 1708 MiB, 12288 MiB, 12 %, 56
1, NVIDIA GeForce RTX 4090, 7583 MiB, 24564 MiB, 100 %, 83
0, NVIDIA GeForce RTX 3060, 1708 MiB, 12288 MiB, 15 %, 56
1, NVIDIA GeForce RTX 4090, 7583 MiB, 24564 MiB, 100 %, 84
0, NVIDIA GeForce RTX 3060, 1708 MiB, 12288 MiB, 12 %, 56
1, NVIDIA GeForce RTX 4090, 7583 MiB, 24564 MiB, 98 %, 71
0, NVIDIA GeForce RTX 3060, 1708 MiB, 12288 MiB, 21 %, 56
1, NVIDIA GeForce RTX 4090, 7583 MiB, 24564 MiB, 86 %, 70
0, NVIDIA GeForce RTX 3060, 1712 MiB, 12288 MiB, 12 %, 56
1, NVIDIA GeForce RTX 4090, 7583 MiB, 24564 MiB, 100 %, 84
0, NVIDIA GeForce RTX 3060, 1702 MiB, 12288 MiB, 11 %, 56
1, NVIDIA GeForce RTX 4090, 7583 MiB, 24564 MiB, 99 %, 83
0, NVIDIA GeForce RTX 3060, 1703 MiB, 12288 MiB, 15 %, 56
1, NVIDIA GeForce RTX 4090, 7583 MiB, 24564 MiB, 99 %, 80
0, NVIDIA GeForce RTX 3060, 1703 MiB, 12288 MiB, 16 %, 56
1, NVIDIA GeForce RTX 4090, 7583 MiB, 24564 MiB, 100 %, 84
0, NVIDIA GeForce RTX 3060, 1703 MiB, 12288 MiB, 15 %, 56
1, NVIDIA GeForce RTX 4090, 7583 MiB, 24564 MiB, 99 %, 71
0, NVIDIA GeForce RTX 3060, 1703 MiB, 12288 MiB, 15 %, 56
1, NVIDIA GeForce RTX 4090, 7583 MiB, 24564 MiB, 100 %, 83
0, NVIDIA GeForce RTX 3060, 1709 MiB, 12288 MiB, 11 %, 57
1, NVIDIA GeForce RTX 4090, 7583 MiB, 24564 MiB, 100 %, 84
0, NVIDIA GeForce RTX 3060, 1714 MiB, 12288 MiB, 12 %, 57
1, NVIDIA GeForce RTX 4090, 7583 MiB, 24564 MiB, 99 %, 72
0, NVIDIA GeForce RTX 3060, 1713 MiB, 12288 MiB, 11 %, 56
1, NVIDIA GeForce RTX 4090, 7583 MiB, 24564 MiB, 100 %, 81
0, NVIDIA GeForce RTX 3060, 1713 MiB, 12288 MiB, 15 %, 57
1, NVIDIA GeForce RTX 4090, 7583 MiB, 24564 MiB, 100 %, 83
0, NVIDIA GeForce RTX 3060, 1717 MiB, 12288 MiB, 17 %, 57
1, NVIDIA GeForce RTX 4090, 7583 MiB, 24564 MiB, 99 %, 84
0, NVIDIA GeForce RTX 3060, 1717 MiB, 12288 MiB, 11 %, 56
1, NVIDIA GeForce RTX 4090, 7583 MiB, 24564 MiB, 99 %, 76
0, NVIDIA GeForce RTX 3060, 1713 MiB, 12288 MiB, 14 %, 57
1, NVIDIA GeForce RTX 4090, 7583 MiB, 24564 MiB, 100 %, 84
0, NVIDIA GeForce RTX 3060, 1703 MiB, 12288 MiB, 13 %, 57
1, NVIDIA GeForce RTX 4090, 7583 MiB, 24564 MiB, 98 %, 75
0, NVIDIA GeForce RTX 3060, 1703 MiB, 12288 MiB, 16 %, 56
1, NVIDIA GeForce RTX 4090, 7583 MiB, 24564 MiB, 100 %, 81
0, NVIDIA GeForce RTX 3060, 1697 MiB, 12288 MiB, 17 %, 56
1, NVIDIA GeForce RTX 4090, 7583 MiB, 24564 MiB, 100 %, 84
0, NVIDIA GeForce RTX 3060, 1697 MiB, 12288 MiB, 11 %, 57
1, NVIDIA GeForce RTX 4090, 7583 MiB, 24564 MiB, 100 %, 84
0, NVIDIA GeForce RTX 3060, 1697 MiB, 12288 MiB, 12 %, 57
1, NVIDIA GeForce RTX 4090, 7583 MiB, 24564 MiB, 100 %, 83
0, NVIDIA GeForce RTX 3060, 1697 MiB, 12288 MiB, 11 %, 56
1, NVIDIA GeForce RTX 4090, 7583 MiB, 24564 MiB, 100 %, 83
0, NVIDIA GeForce RTX 3060, 1697 MiB, 12288 MiB, 17 %, 57
1, NVIDIA GeForce RTX 4090, 7583 MiB, 24564 MiB, 100 %, 84
0, NVIDIA GeForce RTX 3060, 1697 MiB, 12288 MiB, 13 %, 57
1, NVIDIA GeForce RTX 4090, 7583 MiB, 24564 MiB, 98 %, 71
0, NVIDIA GeForce RTX 3060, 1697 MiB, 12288 MiB, 11 %, 56
1, NVIDIA GeForce RTX 4090, 7583 MiB, 24564 MiB, 100 %, 84
0, NVIDIA GeForce RTX 3060, 1697 MiB, 12288 MiB, 12 %, 57
1, NVIDIA GeForce RTX 4090, 7583 MiB, 24564 MiB, 99 %, 84
0, NVIDIA GeForce RTX 3060, 1697 MiB, 12288 MiB, 12 %, 57
1, NVIDIA GeForce RTX 4090, 7583 MiB, 24564 MiB, 100 %, 80
0, NVIDIA GeForce RTX 3060, 1697 MiB, 12288 MiB, 14 %, 57
1, NVIDIA GeForce RTX 4090, 7583 MiB, 24564 MiB, 100 %, 84
0, NVIDIA GeForce RTX 3060, 1697 MiB, 12288 MiB, 15 %, 57
1, NVIDIA GeForce RTX 4090, 7583 MiB, 24564 MiB, 95 %, 77
0, NVIDIA GeForce RTX 3060, 1697 MiB, 12288 MiB, 11 %, 57
1, NVIDIA GeForce RTX 4090, 7583 MiB, 24564 MiB, 99 %, 83
0, NVIDIA GeForce RTX 3060, 1701 MiB, 12288 MiB, 12 %, 57
1, NVIDIA GeForce RTX 4090, 7583 MiB, 24564 MiB, 100 %, 84
0, NVIDIA GeForce RTX 3060, 1701 MiB, 12288 MiB, 12 %, 57
1, NVIDIA GeForce RTX 4090, 7583 MiB, 24564 MiB, 99 %, 74
0, NVIDIA GeForce RTX 3060, 1701 MiB, 12288 MiB, 15 %, 57
1, NVIDIA GeForce RTX 4090, 7583 MiB, 24564 MiB, 100 %, 83
0, NVIDIA GeForce RTX 3060, 1701 MiB, 12288 MiB, 19 %, 57
1, NVIDIA GeForce RTX 4090, 7583 MiB, 24564 MiB, 100 %, 84
0, NVIDIA GeForce RTX 3060, 1699 MiB, 12288 MiB, 11 %, 57
1, NVIDIA GeForce RTX 4090, 7583 MiB, 24564 MiB, 99 %, 74
0, NVIDIA GeForce RTX 3060, 1699 MiB, 12288 MiB, 12 %, 57
1, NVIDIA GeForce RTX 4090, 7583 MiB, 24564 MiB, 100 %, 84
0, NVIDIA GeForce RTX 3060, 1709 MiB, 12288 MiB, 11 %, 57
1, NVIDIA GeForce RTX 4090, 7583 MiB, 24564 MiB, 100 %, 76
0, NVIDIA GeForce RTX 3060, 1709 MiB, 12288 MiB, 18 %, 57
1, NVIDIA GeForce RTX 4090, 7583 MiB, 24564 MiB, 98 %, 82
0, NVIDIA GeForce RTX 3060, 1709 MiB, 12288 MiB, 18 %, 57
1, NVIDIA GeForce RTX 4090, 7583 MiB, 24564 MiB, 100 %, 84
0, NVIDIA GeForce RTX 3060, 1709 MiB, 12288 MiB, 11 %, 57
1, NVIDIA GeForce RTX 4090, 7583 MiB, 24564 MiB, 99 %, 78
0, NVIDIA GeForce RTX 3060, 1717 MiB, 12288 MiB, 17 %, 57
1, NVIDIA GeForce RTX 4090, 7583 MiB, 24564 MiB, 99 %, 84
0, NVIDIA GeForce RTX 3060, 1716 MiB, 12288 MiB, 11 %, 57
1, NVIDIA GeForce RTX 4090, 7583 MiB, 24564 MiB, 100 %, 84
0, NVIDIA GeForce RTX 3060, 1721 MiB, 12288 MiB, 16 %, 57
1, NVIDIA GeForce RTX 4090, 7583 MiB, 24564 MiB, 99 %, 73
0, NVIDIA GeForce RTX 3060, 1713 MiB, 12288 MiB, 19 %, 57
1, NVIDIA GeForce RTX 4090, 7583 MiB, 24564 MiB, 100 %, 84
0, NVIDIA GeForce RTX 3060, 1713 MiB, 12288 MiB, 12 %, 57
1, NVIDIA GeForce RTX 4090, 7583 MiB, 24564 MiB, 100 %, 85
0, NVIDIA GeForce RTX 3060, 1708 MiB, 12288 MiB, 13 %, 57
1, NVIDIA GeForce RTX 4090, 7583 MiB, 24564 MiB, 98 %, 77
0, NVIDIA GeForce RTX 3060, 1708 MiB, 12288 MiB, 12 %, 57
1, NVIDIA GeForce RTX 4090, 7583 MiB, 24564 MiB, 100 %, 84
0, NVIDIA GeForce RTX 3060, 1698 MiB, 12288 MiB, 15 %, 57
1, NVIDIA GeForce RTX 4090, 7583 MiB, 24564 MiB, 99 %, 74
0, NVIDIA GeForce RTX 3060, 1698 MiB, 12288 MiB, 15 %, 57
1, NVIDIA GeForce RTX 4090, 7583 MiB, 24564 MiB, 99 %, 82
0, NVIDIA GeForce RTX 3060, 1698 MiB, 12288 MiB, 10 %, 57
1, NVIDIA GeForce RTX 4090, 7583 MiB, 24564 MiB, 100 %, 84
0, NVIDIA GeForce RTX 3060, 1697 MiB, 12288 MiB, 13 %, 57
1, NVIDIA GeForce RTX 4090, 7583 MiB, 24564 MiB, 99 %, 79
0, NVIDIA GeForce RTX 3060, 1697 MiB, 12288 MiB, 12 %, 57
1, NVIDIA GeForce RTX 4090, 7583 MiB, 24564 MiB, 100 %, 83
0, NVIDIA GeForce RTX 3060, 1713 MiB, 12288 MiB, 15 %, 57
1, NVIDIA GeForce RTX 4090, 7583 MiB, 24564 MiB, 100 %, 84
0, NVIDIA GeForce RTX 3060, 1715 MiB, 12288 MiB, 19 %, 57
1, NVIDIA GeForce RTX 4090, 7583 MiB, 24564 MiB, 99 %, 71
0, NVIDIA GeForce RTX 3060, 1716 MiB, 12288 MiB, 12 %, 57
1, NVIDIA GeForce RTX 4090, 7583 MiB, 24564 MiB, 100 %, 84
0, NVIDIA GeForce RTX 3060, 1716 MiB, 12288 MiB, 16 %, 57
1, NVIDIA GeForce RTX 4090, 7583 MiB, 24564 MiB, 100 %, 85
0, NVIDIA GeForce RTX 3060, 1706 MiB, 12288 MiB, 12 %, 57
1, NVIDIA GeForce RTX 4090, 7583 MiB, 24564 MiB, 99 %, 80
0, NVIDIA GeForce RTX 3060, 1697 MiB, 12288 MiB, 22 %, 57
1, NVIDIA GeForce RTX 4090, 7583 MiB, 24564 MiB, 100 %, 84
0, NVIDIA GeForce RTX 3060, 1697 MiB, 12288 MiB, 18 %, 57
1, NVIDIA GeForce RTX 4090, 7583 MiB, 24564 MiB, 99 %, 71
0, NVIDIA GeForce RTX 3060, 1702 MiB, 12288 MiB, 12 %, 57
1, NVIDIA GeForce RTX 4090, 7583 MiB, 24564 MiB, 99 %, 83
0, NVIDIA GeForce RTX 3060, 1702 MiB, 12288 MiB, 26 %, 57
1, NVIDIA GeForce RTX 4090, 7583 MiB, 24564 MiB, 100 %, 84
0, NVIDIA GeForce RTX 3060, 1702 MiB, 12288 MiB, 11 %, 57
1, NVIDIA GeForce RTX 4090, 7583 MiB, 24564 MiB, 99 %, 76
0, NVIDIA GeForce RTX 3060, 1713 MiB, 12288 MiB, 15 %, 57
1, NVIDIA GeForce RTX 4090, 7583 MiB, 24564 MiB, 100 %, 83
0, NVIDIA GeForce RTX 3060, 1721 MiB, 12288 MiB, 18 %, 57
1, NVIDIA GeForce RTX 4090, 7583 MiB, 24564 MiB, 100 %, 84
0, NVIDIA GeForce RTX 3060, 1715 MiB, 12288 MiB, 12 %, 57
1, NVIDIA GeForce RTX 4090, 7583 MiB, 24564 MiB, 99 %, 75
0, NVIDIA GeForce RTX 3060, 1713 MiB, 12288 MiB, 15 %, 57
1, NVIDIA GeForce RTX 4090, 7583 MiB, 24564 MiB, 100 %, 84
0, NVIDIA GeForce RTX 3060, 1709 MiB, 12288 MiB, 13 %, 57
1, NVIDIA GeForce RTX 4090, 7583 MiB, 24564 MiB, 100 %, 75
0, NVIDIA GeForce RTX 3060, 1709 MiB, 12288 MiB, 13 %, 57
1, NVIDIA GeForce RTX 4090, 7583 MiB, 24564 MiB, 98 %, 81
0, NVIDIA GeForce RTX 3060, 1719 MiB, 12288 MiB, 12 %, 57
1, NVIDIA GeForce RTX 4090, 7583 MiB, 24564 MiB, 100 %, 83
0, NVIDIA GeForce RTX 3060, 1709 MiB, 12288 MiB, 15 %, 57
1, NVIDIA GeForce RTX 4090, 7583 MiB, 24564 MiB, 99 %, 75
0, NVIDIA GeForce RTX 3060, 1709 MiB, 12288 MiB, 10 %, 57
1, NVIDIA GeForce RTX 4090, 7583 MiB, 24564 MiB, 99 %, 83
0, NVIDIA GeForce RTX 3060, 1703 MiB, 12288 MiB, 19 %, 57
1, NVIDIA GeForce RTX 4090, 7583 MiB, 24564 MiB, 100 %, 84
0, NVIDIA GeForce RTX 3060, 1703 MiB, 12288 MiB, 12 %, 57
1, NVIDIA GeForce RTX 4090, 7583 MiB, 24564 MiB, 99 %, 77
0, NVIDIA GeForce RTX 3060, 1703 MiB, 12288 MiB, 13 %, 57
1, NVIDIA GeForce RTX 4090, 7583 MiB, 24564 MiB, 100 %, 83
0, NVIDIA GeForce RTX 3060, 1704 MiB, 12288 MiB, 19 %, 57
1, NVIDIA GeForce RTX 4090, 7583 MiB, 24564 MiB, 100 %, 84
0, NVIDIA GeForce RTX 3060, 1697 MiB, 12288 MiB, 13 %, 57
1, NVIDIA GeForce RTX 4090, 7583 MiB, 24564 MiB, 100 %, 82
0, NVIDIA GeForce RTX 3060, 1697 MiB, 12288 MiB, 20 %, 57
1, NVIDIA GeForce RTX 4090, 7583 MiB, 24564 MiB, 98 %, 80
0, NVIDIA GeForce RTX 3060, 1697 MiB, 12288 MiB, 14 %, 57
1, NVIDIA GeForce RTX 4090, 7583 MiB, 24564 MiB, 100 %, 84
0, NVIDIA GeForce RTX 3060, 1697 MiB, 12288 MiB, 12 %, 57
1, NVIDIA GeForce RTX 4090, 7583 MiB, 24564 MiB, 99 %, 74
0, NVIDIA GeForce RTX 3060, 1697 MiB, 12288 MiB, 16 %, 57
1, NVIDIA GeForce RTX 4090, 7583 MiB, 24564 MiB, 99 %, 83
0, NVIDIA GeForce RTX 3060, 1697 MiB, 12288 MiB, 12 %, 57
1, NVIDIA GeForce RTX 4090, 7583 MiB, 24564 MiB, 100 %, 84
0, NVIDIA GeForce RTX 3060, 1697 MiB, 12288 MiB, 18 %, 57
1, NVIDIA GeForce RTX 4090, 7583 MiB, 24564 MiB, 99 %, 77
0, NVIDIA GeForce RTX 3060, 1697 MiB, 12288 MiB, 15 %, 57
1, NVIDIA GeForce RTX 4090, 7583 MiB, 24564 MiB, 100 %, 84
0, NVIDIA GeForce RTX 3060, 1698 MiB, 12288 MiB, 12 %, 57
1, NVIDIA GeForce RTX 4090, 7583 MiB, 24564 MiB, 100 %, 84
0, NVIDIA GeForce RTX 3060, 1698 MiB, 12288 MiB, 14 %, 57
1, NVIDIA GeForce RTX 4090, 7583 MiB, 24564 MiB, 99 %, 76
0, NVIDIA GeForce RTX 3060, 1708 MiB, 12288 MiB, 12 %, 57
1, NVIDIA GeForce RTX 4090, 7583 MiB, 24564 MiB, 100 %, 84
0, NVIDIA GeForce RTX 3060, 1714 MiB, 12288 MiB, 14 %, 57
1, NVIDIA GeForce RTX 4090, 7583 MiB, 24564 MiB, 100 %, 75
0, NVIDIA GeForce RTX 3060, 1714 MiB, 12288 MiB, 12 %, 57
1, NVIDIA GeForce RTX 4090, 7583 MiB, 24564 MiB, 99 %, 81
0, NVIDIA GeForce RTX 3060, 1708 MiB, 12288 MiB, 12 %, 57
1, NVIDIA GeForce RTX 4090, 7583 MiB, 24564 MiB, 100 %, 84
0, NVIDIA GeForce RTX 3060, 1708 MiB, 12288 MiB, 17 %, 57
1, NVIDIA GeForce RTX 4090, 7583 MiB, 24564 MiB, 99 %, 75
0, NVIDIA GeForce RTX 3060, 1708 MiB, 12288 MiB, 13 %, 57
1, NVIDIA GeForce RTX 4090, 7583 MiB, 24564 MiB, 100 %, 83
0, NVIDIA GeForce RTX 3060, 1708 MiB, 12288 MiB, 20 %, 57
1, NVIDIA GeForce RTX 4090, 7583 MiB, 24564 MiB, 100 %, 84
0, NVIDIA GeForce RTX 3060, 1698 MiB, 12288 MiB, 12 %, 57
1, NVIDIA GeForce RTX 4090, 7583 MiB, 24564 MiB, 99 %, 69
0, NVIDIA GeForce RTX 3060, 1704 MiB, 12288 MiB, 12 %, 57
1, NVIDIA GeForce RTX 4090, 7583 MiB, 24564 MiB, 100 %, 84
0, NVIDIA GeForce RTX 3060, 1714 MiB, 12288 MiB, 17 %, 57
1, NVIDIA GeForce RTX 4090, 7583 MiB, 24564 MiB, 100 %, 79
0, NVIDIA GeForce RTX 3060, 1714 MiB, 12288 MiB, 15 %, 57
1, NVIDIA GeForce RTX 4090, 7583 MiB, 24564 MiB, 99 %, 81
0, NVIDIA GeForce RTX 3060, 1708 MiB, 12288 MiB, 20 %, 57
1, NVIDIA GeForce RTX 4090, 7583 MiB, 24564 MiB, 100 %, 84
0, NVIDIA GeForce RTX 3060, 1708 MiB, 12288 MiB, 13 %, 57
1, NVIDIA GeForce RTX 4090, 7583 MiB, 24564 MiB, 99 %, 75
0, NVIDIA GeForce RTX 3060, 1708 MiB, 12288 MiB, 13 %, 57
1, NVIDIA GeForce RTX 4090, 7583 MiB, 24564 MiB, 99 %, 83
0, NVIDIA GeForce RTX 3060, 1708 MiB, 12288 MiB, 16 %, 57
1, NVIDIA GeForce RTX 4090, 7583 MiB, 24564 MiB, 100 %, 84
0, NVIDIA GeForce RTX 3060, 1708 MiB, 12288 MiB, 12 %, 57
1, NVIDIA GeForce RTX 4090, 7583 MiB, 24564 MiB, 99 %, 77
0, NVIDIA GeForce RTX 3060, 1708 MiB, 12288 MiB, 17 %, 57
1, NVIDIA GeForce RTX 4090, 7583 MiB, 24564 MiB, 100 %, 83
0, NVIDIA GeForce RTX 3060, 1708 MiB, 12288 MiB, 13 %, 57
1, NVIDIA GeForce RTX 4090, 7583 MiB, 24564 MiB, 100 %, 84
0, NVIDIA GeForce RTX 3060, 1703 MiB, 12288 MiB, 11 %, 57
1, NVIDIA GeForce RTX 4090, 7583 MiB, 24564 MiB, 98 %, 76
0, NVIDIA GeForce RTX 3060, 1704 MiB, 12288 MiB, 13 %, 57
1, NVIDIA GeForce RTX 4090, 7583 MiB, 24564 MiB, 100 %, 82
0, NVIDIA GeForce RTX 3060, 1704 MiB, 12288 MiB, 12 %, 57
1, NVIDIA GeForce RTX 4090, 7583 MiB, 24564 MiB, 100 %, 77
0, NVIDIA GeForce RTX 3060, 1704 MiB, 12288 MiB, 14 %, 57
1, NVIDIA GeForce RTX 4090, 7583 MiB, 24564 MiB, 99 %, 83
0, NVIDIA GeForce RTX 3060, 1704 MiB, 12288 MiB, 13 %, 57
1, NVIDIA GeForce RTX 4090, 7583 MiB, 24564 MiB, 100 %, 84
0, NVIDIA GeForce RTX 3060, 1713 MiB, 12288 MiB, 12 %, 57
1, NVIDIA GeForce RTX 4090, 7583 MiB, 24564 MiB, 99 %, 75
0, NVIDIA GeForce RTX 3060, 1708 MiB, 12288 MiB, 15 %, 57
1, NVIDIA GeForce RTX 4090, 7583 MiB, 24564 MiB, 100 %, 82
0, NVIDIA GeForce RTX 3060, 1709 MiB, 12288 MiB, 12 %, 57
1, NVIDIA GeForce RTX 4090, 7583 MiB, 24564 MiB, 100 %, 84
0, NVIDIA GeForce RTX 3060, 1709 MiB, 12288 MiB, 23 %, 57
1, NVIDIA GeForce RTX 4090, 7583 MiB, 24564 MiB, 98 %, 77
0, NVIDIA GeForce RTX 3060, 1715 MiB, 12288 MiB, 16 %, 57
1, NVIDIA GeForce RTX 4090, 7583 MiB, 24564 MiB, 100 %, 84
0, NVIDIA GeForce RTX 3060, 1721 MiB, 12288 MiB, 12 %, 57
1, NVIDIA GeForce RTX 4090, 7583 MiB, 24564 MiB, 99 %, 84
0, NVIDIA GeForce RTX 3060, 1720 MiB, 12288 MiB, 21 %, 57
1, NVIDIA GeForce RTX 4090, 7583 MiB, 24564 MiB, 99 %, 76
0, NVIDIA GeForce RTX 3060, 1704 MiB, 12288 MiB, 14 %, 57
1, NVIDIA GeForce RTX 4090, 7583 MiB, 24564 MiB, 100 %, 84
0, NVIDIA GeForce RTX 3060, 1704 MiB, 12288 MiB, 21 %, 57
1, NVIDIA GeForce RTX 4090, 7583 MiB, 24564 MiB, 98 %, 74
0, NVIDIA GeForce RTX 3060, 1704 MiB, 12288 MiB, 12 %, 57
1, NVIDIA GeForce RTX 4090, 7583 MiB, 24564 MiB, 100 %, 82
0, NVIDIA GeForce RTX 3060, 1703 MiB, 12288 MiB, 15 %, 57
1, NVIDIA GeForce RTX 4090, 7583 MiB, 24564 MiB, 100 %, 84
0, NVIDIA GeForce RTX 3060, 1703 MiB, 12288 MiB, 18 %, 57
1, NVIDIA GeForce RTX 4090, 7583 MiB, 24564 MiB, 98 %, 78
0, NVIDIA GeForce RTX 3060, 1708 MiB, 12288 MiB, 12 %, 57
1, NVIDIA GeForce RTX 4090, 7583 MiB, 24564 MiB, 100 %, 83
0, NVIDIA GeForce RTX 3060, 1709 MiB, 12288 MiB, 17 %, 57
1, NVIDIA GeForce RTX 4090, 7583 MiB, 24564 MiB, 100 %, 84
0, NVIDIA GeForce RTX 3060, 1709 MiB, 12288 MiB, 13 %, 57
1, NVIDIA GeForce RTX 4090, 7583 MiB, 24564 MiB, 97 %, 71
0, NVIDIA GeForce RTX 3060, 1714 MiB, 12288 MiB, 12 %, 57
1, NVIDIA GeForce RTX 4090, 7583 MiB, 24564 MiB, 100 %, 84
0, NVIDIA GeForce RTX 3060, 1714 MiB, 12288 MiB, 19 %, 57
1, NVIDIA GeForce RTX 4090, 7583 MiB, 24564 MiB, 99 %, 84
0, NVIDIA GeForce RTX 3060, 1714 MiB, 12288 MiB, 12 %, 57
1, NVIDIA GeForce RTX 4090, 7583 MiB, 24564 MiB, 99 %, 79
0, NVIDIA GeForce RTX 3060, 1714 MiB, 12288 MiB, 15 %, 57
1, NVIDIA GeForce RTX 4090, 7583 MiB, 24564 MiB, 100 %, 83
0, NVIDIA GeForce RTX 3060, 1704 MiB, 12288 MiB, 14 %, 57
1, NVIDIA GeForce RTX 4090, 7583 MiB, 24564 MiB, 99 %, 71
0, NVIDIA GeForce RTX 3060, 1703 MiB, 12288 MiB, 10 %, 57
1, NVIDIA GeForce RTX 4090, 7583 MiB, 24564 MiB, 98 %, 77
0, NVIDIA GeForce RTX 3060, 1697 MiB, 12288 MiB, 10 %, 57
1, NVIDIA GeForce RTX 4090, 7583 MiB, 24564 MiB, 100 %, 83
0, NVIDIA GeForce RTX 3060, 1697 MiB, 12288 MiB, 10 %, 57
1, NVIDIA GeForce RTX 4090, 7583 MiB, 24564 MiB, 100 %, 84
0, NVIDIA GeForce RTX 3060, 1697 MiB, 12288 MiB, 17 %, 57
1, NVIDIA GeForce RTX 4090, 7583 MiB, 24564 MiB, 99 %, 72
0, NVIDIA GeForce RTX 3060, 1708 MiB, 12288 MiB, 28 %, 57
1, NVIDIA GeForce RTX 4090, 7583 MiB, 24564 MiB, 100 %, 83
0, NVIDIA GeForce RTX 3060, 1709 MiB, 12288 MiB, 9 %, 57
1, NVIDIA GeForce RTX 4090, 7583 MiB, 24564 MiB, 99 %, 84
0, NVIDIA GeForce RTX 3060, 1709 MiB, 12288 MiB, 9 %, 57
1, NVIDIA GeForce RTX 4090, 7583 MiB, 24564 MiB, 99 %, 79
0, NVIDIA GeForce RTX 3060, 1709 MiB, 12288 MiB, 11 %, 57
1, NVIDIA GeForce RTX 4090, 7583 MiB, 24564 MiB, 100 %, 84
0, NVIDIA GeForce RTX 3060, 1709 MiB, 12288 MiB, 18 %, 57
1, NVIDIA GeForce RTX 4090, 7583 MiB, 24564 MiB, 99 %, 71
0, NVIDIA GeForce RTX 3060, 1708 MiB, 12288 MiB, 19 %, 57
1, NVIDIA GeForce RTX 4090, 7583 MiB, 24564 MiB, 100 %, 82
0, NVIDIA GeForce RTX 3060, 1697 MiB, 12288 MiB, 10 %, 57
1, NVIDIA GeForce RTX 4090, 7583 MiB, 24564 MiB, 100 %, 84
0, NVIDIA GeForce RTX 3060, 1697 MiB, 12288 MiB, 10 %, 57
1, NVIDIA GeForce RTX 4090, 7583 MiB, 24564 MiB, 98 %, 72
0, NVIDIA GeForce RTX 3060, 1697 MiB, 12288 MiB, 10 %, 57
1, NVIDIA GeForce RTX 4090, 7583 MiB, 24564 MiB, 100 %, 83
0, NVIDIA GeForce RTX 3060, 1697 MiB, 12288 MiB, 15 %, 57
1, NVIDIA GeForce RTX 4090, 7583 MiB, 24564 MiB, 100 %, 83
0, NVIDIA GeForce RTX 3060, 1697 MiB, 12288 MiB, 17 %, 57
1, NVIDIA GeForce RTX 4090, 7583 MiB, 24564 MiB, 98 %, 70
0, NVIDIA GeForce RTX 3060, 1708 MiB, 12288 MiB, 10 %, 57
1, NVIDIA GeForce RTX 4090, 7583 MiB, 24564 MiB, 100 %, 83
0, NVIDIA GeForce RTX 3060, 1709 MiB, 12288 MiB, 10 %, 57
1, NVIDIA GeForce RTX 4090, 7583 MiB, 24564 MiB, 98 %, 82
0, NVIDIA GeForce RTX 3060, 1709 MiB, 12288 MiB, 11 %, 57
1, NVIDIA GeForce RTX 4090, 7583 MiB, 24564 MiB, 99 %, 81
0, NVIDIA GeForce RTX 3060, 1709 MiB, 12288 MiB, 13 %, 57
1, NVIDIA GeForce RTX 4090, 7583 MiB, 24564 MiB, 100 %, 84
0, NVIDIA GeForce RTX 3060, 1709 MiB, 12288 MiB, 14 %, 57
1, NVIDIA GeForce RTX 4090, 7583 MiB, 24564 MiB, 99 %, 73
0, NVIDIA GeForce RTX 3060, 1709 MiB, 12288 MiB, 10 %, 57
1, NVIDIA GeForce RTX 4090, 7583 MiB, 24564 MiB, 100 %, 83
0, NVIDIA GeForce RTX 3060, 1708 MiB, 12288 MiB, 10 %, 57
1, NVIDIA GeForce RTX 4090, 7583 MiB, 24564 MiB, 100 %, 84
0, NVIDIA GeForce RTX 3060, 1697 MiB, 12288 MiB, 13 %, 57
1, NVIDIA GeForce RTX 4090, 7583 MiB, 24564 MiB, 99 %, 76
0, NVIDIA GeForce RTX 3060, 1697 MiB, 12288 MiB, 18 %, 57
1, NVIDIA GeForce RTX 4090, 7583 MiB, 24564 MiB, 100 %, 83
0, NVIDIA GeForce RTX 3060, 1697 MiB, 12288 MiB, 18 %, 57
1, NVIDIA GeForce RTX 4090, 7583 MiB, 24564 MiB, 99 %, 84
0, NVIDIA GeForce RTX 3060, 1697 MiB, 12288 MiB, 12 %, 57
1, NVIDIA GeForce RTX 4090, 7583 MiB, 24564 MiB, 99 %, 75
0, NVIDIA GeForce RTX 3060, 1697 MiB, 12288 MiB, 10 %, 57
1, NVIDIA GeForce RTX 4090, 7583 MiB, 24564 MiB, 100 %, 84
0, NVIDIA GeForce RTX 3060, 1708 MiB, 12288 MiB, 10 %, 57
1, NVIDIA GeForce RTX 4090, 7583 MiB, 24564 MiB, 98 %, 76
0, NVIDIA GeForce RTX 3060, 1715 MiB, 12288 MiB, 19 %, 57
1, NVIDIA GeForce RTX 4090, 7583 MiB, 24564 MiB, 100 %, 80
0, NVIDIA GeForce RTX 3060, 1715 MiB, 12288 MiB, 31 %, 57
1, NVIDIA GeForce RTX 4090, 7583 MiB, 24564 MiB, 100 %, 84
0, NVIDIA GeForce RTX 3060, 1715 MiB, 12288 MiB, 11 %, 57
1, NVIDIA GeForce RTX 4090, 7583 MiB, 24564 MiB, 99 %, 77
0, NVIDIA GeForce RTX 3060, 1709 MiB, 12288 MiB, 11 %, 57
1, NVIDIA GeForce RTX 4090, 7583 MiB, 24564 MiB, 100 %, 83
0, NVIDIA GeForce RTX 3060, 1708 MiB, 12288 MiB, 13 %, 57
1, NVIDIA GeForce RTX 4090, 7583 MiB, 24564 MiB, 100 %, 84
0, NVIDIA GeForce RTX 3060, 1697 MiB, 12288 MiB, 14 %, 57
1, NVIDIA GeForce RTX 4090, 7583 MiB, 24564 MiB, 99 %, 72
0, NVIDIA GeForce RTX 3060, 1703 MiB, 12288 MiB, 15 %, 57
1, NVIDIA GeForce RTX 4090, 7583 MiB, 24564 MiB, 100 %, 83
0, NVIDIA GeForce RTX 3060, 1704 MiB, 12288 MiB, 8 %, 57
1, NVIDIA GeForce RTX 4090, 7583 MiB, 24564 MiB, 99 %, 84
0, NVIDIA GeForce RTX 3060, 1704 MiB, 12288 MiB, 10 %, 57
1, NVIDIA GeForce RTX 4090, 7583 MiB, 24564 MiB, 99 %, 79
0, NVIDIA GeForce RTX 3060, 1704 MiB, 12288 MiB, 11 %, 57
1, NVIDIA GeForce RTX 4090, 7583 MiB, 24564 MiB, 100 %, 84
0, NVIDIA GeForce RTX 3060, 1704 MiB, 12288 MiB, 13 %, 57
1, NVIDIA GeForce RTX 4090, 7583 MiB, 24564 MiB, 98 %, 72
0, NVIDIA GeForce RTX 3060, 1703 MiB, 12288 MiB, 13 %, 57
1, NVIDIA GeForce RTX 4090, 7583 MiB, 24564 MiB, 100 %, 83
0, NVIDIA GeForce RTX 3060, 1703 MiB, 12288 MiB, 11 %, 57
1, NVIDIA GeForce RTX 4090, 7583 MiB, 24564 MiB, 100 %, 84
0, NVIDIA GeForce RTX 3060, 1697 MiB, 12288 MiB, 10 %, 57
1, NVIDIA GeForce RTX 4090, 7583 MiB, 24564 MiB, 98 %, 75
0, NVIDIA GeForce RTX 3060, 1697 MiB, 12288 MiB, 12 %, 57
1, NVIDIA GeForce RTX 4090, 7583 MiB, 24564 MiB, 100 %, 83
0, NVIDIA GeForce RTX 3060, 1704 MiB, 12288 MiB, 18 %, 57
1, NVIDIA GeForce RTX 4090, 7583 MiB, 24564 MiB, 100 %, 78
0, NVIDIA GeForce RTX 3060, 1704 MiB, 12288 MiB, 19 %, 57
1, NVIDIA GeForce RTX 4090, 7583 MiB, 24564 MiB, 97 %, 81
0, NVIDIA GeForce RTX 3060, 1704 MiB, 12288 MiB, 11 %, 57
1, NVIDIA GeForce RTX 4090, 7583 MiB, 24564 MiB, 100 %, 84
0, NVIDIA GeForce RTX 3060, 1702 MiB, 12288 MiB, 11 %, 57
1, NVIDIA GeForce RTX 4090, 7583 MiB, 24564 MiB, 98 %, 78
0, NVIDIA GeForce RTX 3060, 1698 MiB, 12288 MiB, 18 %, 57
1, NVIDIA GeForce RTX 4090, 7583 MiB, 24564 MiB, 99 %, 82
0, NVIDIA GeForce RTX 3060, 1698 MiB, 12288 MiB, 18 %, 57
1, NVIDIA GeForce RTX 4090, 7583 MiB, 24564 MiB, 100 %, 83
0, NVIDIA GeForce RTX 3060, 1698 MiB, 12288 MiB, 19 %, 57
1, NVIDIA GeForce RTX 4090, 7583 MiB, 24564 MiB, 99 %, 76
0, NVIDIA GeForce RTX 3060, 1698 MiB, 12288 MiB, 13 %, 57
1, NVIDIA GeForce RTX 4090, 7583 MiB, 24564 MiB, 100 %, 83
0, NVIDIA GeForce RTX 3060, 1698 MiB, 12288 MiB, 11 %, 57
1, NVIDIA GeForce RTX 4090, 7583 MiB, 24564 MiB, 100 %, 84
0, NVIDIA GeForce RTX 3060, 1698 MiB, 12288 MiB, 14 %, 57
1, NVIDIA GeForce RTX 4090, 7583 MiB, 24564 MiB, 99 %, 76
0, NVIDIA GeForce RTX 3060, 1713 MiB, 12288 MiB, 16 %, 57
1, NVIDIA GeForce RTX 4090, 7583 MiB, 24564 MiB, 100 %, 84
0, NVIDIA GeForce RTX 3060, 1713 MiB, 12288 MiB, 17 %, 57
1, NVIDIA GeForce RTX 4090, 7583 MiB, 24564 MiB, 100 %, 76
0, NVIDIA GeForce RTX 3060, 1713 MiB, 12288 MiB, 15 %, 57
1, NVIDIA GeForce RTX 4090, 7583 MiB, 24564 MiB, 99 %, 82
0, NVIDIA GeForce RTX 3060, 1717 MiB, 12288 MiB, 13 %, 57
1, NVIDIA GeForce RTX 4090, 7583 MiB, 24564 MiB, 99 %, 83
0, NVIDIA GeForce RTX 3060, 1717 MiB, 12288 MiB, 14 %, 57
1, NVIDIA GeForce RTX 4090, 7583 MiB, 24564 MiB, 100 %, 84
0, NVIDIA GeForce RTX 3060, 1733 MiB, 12288 MiB, 17 %, 57
1, NVIDIA GeForce RTX 4090, 7583 MiB, 24564 MiB, 99 %, 77
0, NVIDIA GeForce RTX 3060, 1703 MiB, 12288 MiB, 18 %, 57
1, NVIDIA GeForce RTX 4090, 7583 MiB, 24564 MiB, 100 %, 83
0, NVIDIA GeForce RTX 3060, 1703 MiB, 12288 MiB, 16 %, 57
1, NVIDIA GeForce RTX 4090, 7583 MiB, 24564 MiB, 100 %, 84
0, NVIDIA GeForce RTX 3060, 1703 MiB, 12288 MiB, 11 %, 57
1, NVIDIA GeForce RTX 4090, 7583 MiB, 24564 MiB, 99 %, 76
0, NVIDIA GeForce RTX 3060, 1704 MiB, 12288 MiB, 28 %, 57
1, NVIDIA GeForce RTX 4090, 7583 MiB, 24564 MiB, 100 %, 84
0, NVIDIA GeForce RTX 3060, 1704 MiB, 12288 MiB, 13 %, 57
1, NVIDIA GeForce RTX 4090, 7583 MiB, 24564 MiB, 100 %, 75
0, NVIDIA GeForce RTX 3060, 1714 MiB, 12288 MiB, 15 %, 57
1, NVIDIA GeForce RTX 4090, 7583 MiB, 24564 MiB, 98 %, 81
0, NVIDIA GeForce RTX 3060, 1713 MiB, 12288 MiB, 20 %, 57
1, NVIDIA GeForce RTX 4090, 7583 MiB, 24564 MiB, 100 %, 84
0, NVIDIA GeForce RTX 3060, 1723 MiB, 12288 MiB, 13 %, 57
1, NVIDIA GeForce RTX 4090, 7583 MiB, 24564 MiB, 99 %, 79
0, NVIDIA GeForce RTX 3060, 1718 MiB, 12288 MiB, 20 %, 57
1, NVIDIA GeForce RTX 4090, 7583 MiB, 24564 MiB, 100 %, 83
0, NVIDIA GeForce RTX 3060, 1711 MiB, 12288 MiB, 12 %, 57
1, NVIDIA GeForce RTX 4090, 7583 MiB, 24564 MiB, 100 %, 84
0, NVIDIA GeForce RTX 3060, 1711 MiB, 12288 MiB, 15 %, 57
1, NVIDIA GeForce RTX 4090, 7583 MiB, 24564 MiB, 99 %, 70
0, NVIDIA GeForce RTX 3060, 1710 MiB, 12288 MiB, 15 %, 57
1, NVIDIA GeForce RTX 4090, 7583 MiB, 24564 MiB, 100 %, 83
0, NVIDIA GeForce RTX 3060, 1700 MiB, 12288 MiB, 12 %, 57
1, NVIDIA GeForce RTX 4090, 7583 MiB, 24564 MiB, 100 %, 82
0, NVIDIA GeForce RTX 3060, 1700 MiB, 12288 MiB, 20 %, 57
1, NVIDIA GeForce RTX 4090, 7583 MiB, 24564 MiB, 99 %, 80
0, NVIDIA GeForce RTX 3060, 1710 MiB, 12288 MiB, 13 %, 57
1, NVIDIA GeForce RTX 4090, 7583 MiB, 24564 MiB, 100 %, 84
0, NVIDIA GeForce RTX 3060, 1711 MiB, 12288 MiB, 15 %, 57
1, NVIDIA GeForce RTX 4090, 7583 MiB, 24564 MiB, 99 %, 72
0, NVIDIA GeForce RTX 3060, 1711 MiB, 12288 MiB, 15 %, 57
1, NVIDIA GeForce RTX 4090, 7583 MiB, 24564 MiB, 99 %, 82
0, NVIDIA GeForce RTX 3060, 1711 MiB, 12288 MiB, 12 %, 57
1, NVIDIA GeForce RTX 4090, 7583 MiB, 24564 MiB, 100 %, 84
0, NVIDIA GeForce RTX 3060, 1711 MiB, 12288 MiB, 17 %, 57
1, NVIDIA GeForce RTX 4090, 7583 MiB, 24564 MiB, 99 %, 77
0, NVIDIA GeForce RTX 3060, 1710 MiB, 12288 MiB, 12 %, 57
1, NVIDIA GeForce RTX 4090, 7583 MiB, 24564 MiB, 100 %, 83
0, NVIDIA GeForce RTX 3060, 1710 MiB, 12288 MiB, 14 %, 57
1, NVIDIA GeForce RTX 4090, 7583 MiB, 24564 MiB, 100 %, 83
0, NVIDIA GeForce RTX 3060, 1700 MiB, 12288 MiB, 17 %, 57
1, NVIDIA GeForce RTX 4090, 7583 MiB, 24564 MiB, 98 %, 76
0, NVIDIA GeForce RTX 3060, 1700 MiB, 12288 MiB, 13 %, 57
1, NVIDIA GeForce RTX 4090, 7583 MiB, 24564 MiB, 100 %, 83
0, NVIDIA GeForce RTX 3060, 1700 MiB, 12288 MiB, 16 %, 57
1, NVIDIA GeForce RTX 4090, 7583 MiB, 24564 MiB, 100 %, 75
0, NVIDIA GeForce RTX 3060, 1700 MiB, 12288 MiB, 17 %, 57
1, NVIDIA GeForce RTX 4090, 7583 MiB, 24564 MiB, 99 %, 82
0, NVIDIA GeForce RTX 3060, 1700 MiB, 12288 MiB, 18 %, 57
1, NVIDIA GeForce RTX 4090, 7583 MiB, 24564 MiB, 100 %, 83
0, NVIDIA GeForce RTX 3060, 1710 MiB, 12288 MiB, 22 %, 57
1, NVIDIA GeForce RTX 4090, 7583 MiB, 24564 MiB, 98 %, 75
0, NVIDIA GeForce RTX 3060, 1711 MiB, 12288 MiB, 15 %, 57
1, NVIDIA GeForce RTX 4090, 7583 MiB, 24564 MiB, 99 %, 83
0, NVIDIA GeForce RTX 3060, 1711 MiB, 12288 MiB, 30 %, 57
1, NVIDIA GeForce RTX 4090, 7583 MiB, 24564 MiB, 100 %, 84
0, NVIDIA GeForce RTX 3060, 1711 MiB, 12288 MiB, 13 %, 57
1, NVIDIA GeForce RTX 4090, 7583 MiB, 24564 MiB, 98 %, 75
0, NVIDIA GeForce RTX 3060, 1711 MiB, 12288 MiB, 15 %, 57
1, NVIDIA GeForce RTX 4090, 7583 MiB, 24564 MiB, 100 %, 83
0, NVIDIA GeForce RTX 3060, 1717 MiB, 12288 MiB, 19 %, 57
1, NVIDIA GeForce RTX 4090, 7583 MiB, 24564 MiB, 100 %, 84
0, NVIDIA GeForce RTX 3060, 1706 MiB, 12288 MiB, 14 %, 57
1, NVIDIA GeForce RTX 4090, 7583 MiB, 24564 MiB, 98 %, 76
0, NVIDIA GeForce RTX 3060, 1700 MiB, 12288 MiB, 24 %, 57
1, NVIDIA GeForce RTX 4090, 7583 MiB, 24564 MiB, 100 %, 84
0, NVIDIA GeForce RTX 3060, 1700 MiB, 12288 MiB, 12 %, 57
1, NVIDIA GeForce RTX 4090, 7583 MiB, 24564 MiB, 99 %, 74
0, NVIDIA GeForce RTX 3060, 1700 MiB, 12288 MiB, 18 %, 57
1, NVIDIA GeForce RTX 4090, 7583 MiB, 24564 MiB, 98 %, 82
0, NVIDIA GeForce RTX 3060, 1700 MiB, 12288 MiB, 25 %, 57
1, NVIDIA GeForce RTX 4090, 7583 MiB, 24564 MiB, 100 %, 84
0, NVIDIA GeForce RTX 3060, 1700 MiB, 12288 MiB, 16 %, 57
1, NVIDIA GeForce RTX 4090, 7583 MiB, 24564 MiB, 98 %, 79
0, NVIDIA GeForce RTX 3060, 1700 MiB, 12288 MiB, 27 %, 57
1, NVIDIA GeForce RTX 4090, 7583 MiB, 24564 MiB, 100 %, 83
0, NVIDIA GeForce RTX 3060, 1700 MiB, 12288 MiB, 16 %, 57
1, NVIDIA GeForce RTX 4090, 7583 MiB, 24564 MiB, 100 %, 84
0, NVIDIA GeForce RTX 3060, 1710 MiB, 12288 MiB, 17 %, 57
1, NVIDIA GeForce RTX 4090, 7583 MiB, 24564 MiB, 96 %, 71
0, NVIDIA GeForce RTX 3060, 1710 MiB, 12288 MiB, 28 %, 57
1, NVIDIA GeForce RTX 4090, 7583 MiB, 24564 MiB, 100 %, 83
0, NVIDIA GeForce RTX 3060, 1710 MiB, 12288 MiB, 19 %, 57
1, NVIDIA GeForce RTX 4090, 7583 MiB, 24564 MiB, 99 %, 84
0, NVIDIA GeForce RTX 3060, 1711 MiB, 12288 MiB, 25 %, 57
1, NVIDIA GeForce RTX 4090, 7583 MiB, 24564 MiB, 99 %, 79
0, NVIDIA GeForce RTX 3060, 1711 MiB, 12288 MiB, 17 %, 57
1, NVIDIA GeForce RTX 4090, 7583 MiB, 24564 MiB, 100 %, 84
0, NVIDIA GeForce RTX 3060, 1711 MiB, 12288 MiB, 19 %, 57
1, NVIDIA GeForce RTX 4090, 7583 MiB, 24564 MiB, 99 %, 72
0, NVIDIA GeForce RTX 3060, 1713 MiB, 12288 MiB, 26 %, 57
1, NVIDIA GeForce RTX 4090, 7583 MiB, 24564 MiB, 100 %, 77
0, NVIDIA GeForce RTX 3060, 1703 MiB, 12288 MiB, 15 %, 57
1, NVIDIA GeForce RTX 4090, 7583 MiB, 24564 MiB, 100 %, 83
0, NVIDIA GeForce RTX 3060, 1703 MiB, 12288 MiB, 29 %, 57
1, NVIDIA GeForce RTX 4090, 7583 MiB, 24564 MiB, 100 %, 84
0, NVIDIA GeForce RTX 3060, 1713 MiB, 12288 MiB, 19 %, 57
1, NVIDIA GeForce RTX 4090, 7583 MiB, 24564 MiB, 99 %, 73
0, NVIDIA GeForce RTX 3060, 1713 MiB, 12288 MiB, 12 %, 57
1, NVIDIA GeForce RTX 4090, 7583 MiB, 24564 MiB, 100 %, 83
0, NVIDIA GeForce RTX 3060, 1713 MiB, 12288 MiB, 12 %, 57
1, NVIDIA GeForce RTX 4090, 7583 MiB, 24564 MiB, 99 %, 84
0, NVIDIA GeForce RTX 3060, 1713 MiB, 12288 MiB, 13 %, 57
1, NVIDIA GeForce RTX 4090, 7583 MiB, 24564 MiB, 99 %, 79
0, NVIDIA GeForce RTX 3060, 1710 MiB, 12288 MiB, 12 %, 57
1, NVIDIA GeForce RTX 4090, 7583 MiB, 24564 MiB, 100 %, 84
0, NVIDIA GeForce RTX 3060, 1710 MiB, 12288 MiB, 17 %, 57
1, NVIDIA GeForce RTX 4090, 7583 MiB, 24564 MiB, 99 %, 73
0, NVIDIA GeForce RTX 3060, 1710 MiB, 12288 MiB, 15 %, 57
1, NVIDIA GeForce RTX 4090, 7583 MiB, 24564 MiB, 100 %, 82
0, NVIDIA GeForce RTX 3060, 1710 MiB, 12288 MiB, 14 %, 57
1, NVIDIA GeForce RTX 4090, 7583 MiB, 24564 MiB, 100 %, 84
0, NVIDIA GeForce RTX 3060, 1710 MiB, 12288 MiB, 17 %, 57
1, NVIDIA GeForce RTX 4090, 7583 MiB, 24564 MiB, 99 %, 72
0, NVIDIA GeForce RTX 3060, 1700 MiB, 12288 MiB, 13 %, 57
1, NVIDIA GeForce RTX 4090, 7583 MiB, 24564 MiB, 100 %, 83
0, NVIDIA GeForce RTX 3060, 1700 MiB, 12288 MiB, 13 %, 57
1, NVIDIA GeForce RTX 4090, 7583 MiB, 24564 MiB, 100 %, 83
0, NVIDIA GeForce RTX 3060, 1700 MiB, 12288 MiB, 12 %, 57
1, NVIDIA GeForce RTX 4090, 7583 MiB, 24564 MiB, 99 %, 71
0, NVIDIA GeForce RTX 3060, 1700 MiB, 12288 MiB, 13 %, 57
1, NVIDIA GeForce RTX 4090, 7583 MiB, 24564 MiB, 100 %, 83
0, NVIDIA GeForce RTX 3060, 1700 MiB, 12288 MiB, 18 %, 57
1, NVIDIA GeForce RTX 4090, 2343 MiB, 24564 MiB, 87 %, 64
0, NVIDIA GeForce RTX 3060, 1710 MiB, 12288 MiB, 16 %, 57
1, NVIDIA GeForce RTX 4090, 4903 MiB, 24564 MiB, 93 %, 61
0, NVIDIA GeForce RTX 3060, 1710 MiB, 12288 MiB, 25 %, 57
1, NVIDIA GeForce RTX 4090, 6873 MiB, 24564 MiB, 99 %, 75
0, NVIDIA GeForce RTX 3060, 1710 MiB, 12288 MiB, 13 %, 57
1, NVIDIA GeForce RTX 4090, 6893 MiB, 24564 MiB, 100 %, 80
0, NVIDIA GeForce RTX 3060, 1711 MiB, 12288 MiB, 12 %, 57
1, NVIDIA GeForce RTX 4090, 7913 MiB, 24564 MiB, 100 %, 81
0, NVIDIA GeForce RTX 3060, 1711 MiB, 12288 MiB, 24 %, 57
1, NVIDIA GeForce RTX 4090, 7973 MiB, 24564 MiB, 100 %, 82
0, NVIDIA GeForce RTX 3060, 1711 MiB, 12288 MiB, 13 %, 57
1, NVIDIA GeForce RTX 4090, 7973 MiB, 24564 MiB, 100 %, 83
0, NVIDIA GeForce RTX 3060, 1711 MiB, 12288 MiB, 20 %, 57
1, NVIDIA GeForce RTX 4090, 7973 MiB, 24564 MiB, 100 %, 83
0, NVIDIA GeForce RTX 3060, 1700 MiB, 12288 MiB, 14 %, 57
1, NVIDIA GeForce RTX 4090, 7973 MiB, 24564 MiB, 100 %, 83
0, NVIDIA GeForce RTX 3060, 1700 MiB, 12288 MiB, 12 %, 57
1, NVIDIA GeForce RTX 4090, 7973 MiB, 24564 MiB, 100 %, 83
0, NVIDIA GeForce RTX 3060, 1711 MiB, 12288 MiB, 22 %, 57
1, NVIDIA GeForce RTX 4090, 7973 MiB, 24564 MiB, 100 %, 83
0, NVIDIA GeForce RTX 3060, 1711 MiB, 12288 MiB, 12 %, 57
1, NVIDIA GeForce RTX 4090, 7973 MiB, 24564 MiB, 100 %, 84
0, NVIDIA GeForce RTX 3060, 1717 MiB, 12288 MiB, 25 %, 57
1, NVIDIA GeForce RTX 4090, 7973 MiB, 24564 MiB, 100 %, 84
0, NVIDIA GeForce RTX 3060, 1717 MiB, 12288 MiB, 13 %, 57
1, NVIDIA GeForce RTX 4090, 7973 MiB, 24564 MiB, 100 %, 84
0, NVIDIA GeForce RTX 3060, 1717 MiB, 12288 MiB, 13 %, 57
1, NVIDIA GeForce RTX 4090, 7973 MiB, 24564 MiB, 100 %, 84
0, NVIDIA GeForce RTX 3060, 1716 MiB, 12288 MiB, 19 %, 57
1, NVIDIA GeForce RTX 4090, 7973 MiB, 24564 MiB, 100 %, 84
0, NVIDIA GeForce RTX 3060, 1710 MiB, 12288 MiB, 12 %, 57
1, NVIDIA GeForce RTX 4090, 7973 MiB, 24564 MiB, 100 %, 84
0, NVIDIA GeForce RTX 3060, 1710 MiB, 12288 MiB, 19 %, 57
1, NVIDIA GeForce RTX 4090, 7973 MiB, 24564 MiB, 100 %, 84
0, NVIDIA GeForce RTX 3060, 1700 MiB, 12288 MiB, 11 %, 57
1, NVIDIA GeForce RTX 4090, 7973 MiB, 24564 MiB, 100 %, 85
0, NVIDIA GeForce RTX 3060, 1700 MiB, 12288 MiB, 13 %, 57
1, NVIDIA GeForce RTX 4090, 7973 MiB, 24564 MiB, 100 %, 85
0, NVIDIA GeForce RTX 3060, 1700 MiB, 12288 MiB, 17 %, 57
1, NVIDIA GeForce RTX 4090, 7973 MiB, 24564 MiB, 100 %, 84
0, NVIDIA GeForce RTX 3060, 1710 MiB, 12288 MiB, 12 %, 57
1, NVIDIA GeForce RTX 4090, 7973 MiB, 24564 MiB, 100 %, 85
0, NVIDIA GeForce RTX 3060, 1710 MiB, 12288 MiB, 34 %, 57
1, NVIDIA GeForce RTX 4090, 7973 MiB, 24564 MiB, 100 %, 85
0, NVIDIA GeForce RTX 3060, 1711 MiB, 12288 MiB, 12 %, 57
1, NVIDIA GeForce RTX 4090, 7973 MiB, 24564 MiB, 100 %, 84
0, NVIDIA GeForce RTX 3060, 1712 MiB, 12288 MiB, 12 %, 57
1, NVIDIA GeForce RTX 4090, 7973 MiB, 24564 MiB, 100 %, 85
0, NVIDIA GeForce RTX 3060, 1712 MiB, 12288 MiB, 21 %, 57
1, NVIDIA GeForce RTX 4090, 11713 MiB, 24564 MiB, 98 %, 67
0, NVIDIA GeForce RTX 3060, 1712 MiB, 12288 MiB, 12 %, 57
1, NVIDIA GeForce RTX 4090, 11713 MiB, 24564 MiB, 0 %, 63
0, NVIDIA GeForce RTX 3060, 1711 MiB, 12288 MiB, 22 %, 57
1, NVIDIA GeForce RTX 4090, 11713 MiB, 24564 MiB, 2 %, 62
0, NVIDIA GeForce RTX 3060, 1711 MiB, 12288 MiB, 12 %, 57
1, NVIDIA GeForce RTX 4090, 11713 MiB, 24564 MiB, 0 %, 59
0, NVIDIA GeForce RTX 3060, 1711 MiB, 12288 MiB, 12 %, 57
1, NVIDIA GeForce RTX 4090, 11713 MiB, 24564 MiB, 0 %, 58
0, NVIDIA GeForce RTX 3060, 1711 MiB, 12288 MiB, 23 %, 57
1, NVIDIA GeForce RTX 4090, 6551 MiB, 24564 MiB, 5 %, 57
0, NVIDIA GeForce RTX 3060, 1718 MiB, 12288 MiB, 12 %, 57
1, NVIDIA GeForce RTX 4090, 6551 MiB, 24564 MiB, 1 %, 57
0, NVIDIA GeForce RTX 3060, 1718 MiB, 12288 MiB, 20 %, 57
1, NVIDIA GeForce RTX 4090, 6551 MiB, 24564 MiB, 7 %, 56
0, NVIDIA GeForce RTX 3060, 1710 MiB, 12288 MiB, 13 %, 57
1, NVIDIA GeForce RTX 4090, 11125 MiB, 24564 MiB, 95 %, 56
0, NVIDIA GeForce RTX 3060, 1710 MiB, 12288 MiB, 12 %, 57
1, NVIDIA GeForce RTX 4090, 11127 MiB, 24564 MiB, 100 %, 74
0, NVIDIA GeForce RTX 3060, 1717 MiB, 12288 MiB, 30 %, 57
1, NVIDIA GeForce RTX 4090, 11127 MiB, 24564 MiB, 100 %, 74
0, NVIDIA GeForce RTX 3060, 1710 MiB, 12288 MiB, 12 %, 57
1, NVIDIA GeForce RTX 4090, 11127 MiB, 24564 MiB, 100 %, 75
0, NVIDIA GeForce RTX 3060, 1715 MiB, 12288 MiB, 14 %, 57
1, NVIDIA GeForce RTX 4090, 11127 MiB, 24564 MiB, 100 %, 76
0, NVIDIA GeForce RTX 3060, 1717 MiB, 12288 MiB, 15 %, 57
1, NVIDIA GeForce RTX 4090, 11127 MiB, 24564 MiB, 100 %, 77
0, NVIDIA GeForce RTX 3060, 1706 MiB, 12288 MiB, 13 %, 57
1, NVIDIA GeForce RTX 4090, 11127 MiB, 24564 MiB, 100 %, 75
0, NVIDIA GeForce RTX 3060, 1706 MiB, 12288 MiB, 15 %, 57
1, NVIDIA GeForce RTX 4090, 11127 MiB, 24564 MiB, 100 %, 77
0, NVIDIA GeForce RTX 3060, 1713 MiB, 12288 MiB, 13 %, 57
1, NVIDIA GeForce RTX 4090, 11127 MiB, 24564 MiB, 0 %, 64
0, NVIDIA GeForce RTX 3060, 1712 MiB, 12288 MiB, 25 %, 57
1, NVIDIA GeForce RTX 4090, 11127 MiB, 24564 MiB, 5 %, 60
0, NVIDIA GeForce RTX 3060, 1707 MiB, 12288 MiB, 26 %, 57
1, NVIDIA GeForce RTX 4090, 11127 MiB, 24564 MiB, 9 %, 58
0, NVIDIA GeForce RTX 3060, 1711 MiB, 12288 MiB, 12 %, 57
1, NVIDIA GeForce RTX 4090, 11127 MiB, 24564 MiB, 5 %, 57
0, NVIDIA GeForce RTX 3060, 1710 MiB, 12288 MiB, 13 %, 57
1, NVIDIA GeForce RTX 4090, 11127 MiB, 24564 MiB, 6 %, 56
0, NVIDIA GeForce RTX 3060, 1705 MiB, 12288 MiB, 12 %, 57
1, NVIDIA GeForce RTX 4090, 11127 MiB, 24564 MiB, 8 %, 56
0, NVIDIA GeForce RTX 3060, 1710 MiB, 12288 MiB, 20 %, 57
1, NVIDIA GeForce RTX 4090, 11127 MiB, 24564 MiB, 11 %, 56
0, NVIDIA GeForce RTX 3060, 1712 MiB, 12288 MiB, 19 %, 57
1, NVIDIA GeForce RTX 4090, 11127 MiB, 24564 MiB, 17 %, 55
0, NVIDIA GeForce RTX 3060, 1708 MiB, 12288 MiB, 13 %, 57
1, NVIDIA GeForce RTX 4090, 11127 MiB, 24564 MiB, 12 %, 55
0, NVIDIA GeForce RTX 3060, 1708 MiB, 12288 MiB, 14 %, 57
1, NVIDIA GeForce RTX 4090, 11127 MiB, 24564 MiB, 22 %, 54
0, NVIDIA GeForce RTX 3060, 1718 MiB, 12288 MiB, 12 %, 57
1, NVIDIA GeForce RTX 4090, 11129 MiB, 24564 MiB, 25 %, 54
0, NVIDIA GeForce RTX 3060, 1716 MiB, 12288 MiB, 21 %, 57
1, NVIDIA GeForce RTX 4090, 11129 MiB, 24564 MiB, 26 %, 54
0, NVIDIA GeForce RTX 3060, 1711 MiB, 12288 MiB, 18 %, 57
1, NVIDIA GeForce RTX 4090, 11129 MiB, 24564 MiB, 34 %, 53
0, NVIDIA GeForce RTX 3060, 1714 MiB, 12288 MiB, 12 %, 57
1, NVIDIA GeForce RTX 4090, 11129 MiB, 24564 MiB, 25 %, 53
0, NVIDIA GeForce RTX 3060, 1714 MiB, 12288 MiB, 13 %, 56
1, NVIDIA GeForce RTX 4090, 11129 MiB, 24564 MiB, 18 %, 53
0, NVIDIA GeForce RTX 3060, 1712 MiB, 12288 MiB, 11 %, 57
1, NVIDIA GeForce RTX 4090, 11129 MiB, 24564 MiB, 27 %, 53
0, NVIDIA GeForce RTX 3060, 1712 MiB, 12288 MiB, 13 %, 57
1, NVIDIA GeForce RTX 4090, 11129 MiB, 24564 MiB, 30 %, 53
0, NVIDIA GeForce RTX 3060, 1710 MiB, 12288 MiB, 15 %, 56
1, NVIDIA GeForce RTX 4090, 11133 MiB, 24564 MiB, 32 %, 52
0, NVIDIA GeForce RTX 3060, 1710 MiB, 12288 MiB, 12 %, 56
1, NVIDIA GeForce RTX 4090, 14259 MiB, 24564 MiB, 97 %, 64
0, NVIDIA GeForce RTX 3060, 1710 MiB, 12288 MiB, 15 %, 56
1, NVIDIA GeForce RTX 4090, 10855 MiB, 24564 MiB, 97 %, 67
0, NVIDIA GeForce RTX 3060, 1712 MiB, 12288 MiB, 13 %, 56
1, NVIDIA GeForce RTX 4090, 17231 MiB, 24564 MiB, 94 %, 70
0, NVIDIA GeForce RTX 3060, 1717 MiB, 12288 MiB, 23 %, 56
1, NVIDIA GeForce RTX 4090, 17331 MiB, 24564 MiB, 100 %, 73
0, NVIDIA GeForce RTX 3060, 1717 MiB, 12288 MiB, 24 %, 56
1, NVIDIA GeForce RTX 4090, 17511 MiB, 24564 MiB, 100 %, 73
0, NVIDIA GeForce RTX 3060, 1724 MiB, 12288 MiB, 12 %, 56
1, NVIDIA GeForce RTX 4090, 17511 MiB, 24564 MiB, 99 %, 75
0, NVIDIA GeForce RTX 3060, 1715 MiB, 12288 MiB, 14 %, 56
1, NVIDIA GeForce RTX 4090, 17511 MiB, 24564 MiB, 100 %, 76
0, NVIDIA GeForce RTX 3060, 1707 MiB, 12288 MiB, 16 %, 56
1, NVIDIA GeForce RTX 4090, 17511 MiB, 24564 MiB, 100 %, 74
0, NVIDIA GeForce RTX 3060, 1706 MiB, 12288 MiB, 20 %, 56
1, NVIDIA GeForce RTX 4090, 17511 MiB, 24564 MiB, 100 %, 76
0, NVIDIA GeForce RTX 3060, 1706 MiB, 12288 MiB, 21 %, 56
1, NVIDIA GeForce RTX 4090, 17511 MiB, 24564 MiB, 100 %, 75
0, NVIDIA GeForce RTX 3060, 1705 MiB, 12288 MiB, 13 %, 56
1, NVIDIA GeForce RTX 4090, 17511 MiB, 24564 MiB, 100 %, 77
0, NVIDIA GeForce RTX 3060, 1700 MiB, 12288 MiB, 15 %, 56
1, NVIDIA GeForce RTX 4090, 17511 MiB, 24564 MiB, 100 %, 76
0, NVIDIA GeForce RTX 3060, 1705 MiB, 12288 MiB, 13 %, 56
1, NVIDIA GeForce RTX 4090, 17511 MiB, 24564 MiB, 100 %, 77
0, NVIDIA GeForce RTX 3060, 1706 MiB, 12288 MiB, 18 %, 56
1, NVIDIA GeForce RTX 4090, 17511 MiB, 24564 MiB, 100 %, 75
0, NVIDIA GeForce RTX 3060, 1706 MiB, 12288 MiB, 22 %, 56
1, NVIDIA GeForce RTX 4090, 17511 MiB, 24564 MiB, 100 %, 76
0, NVIDIA GeForce RTX 3060, 1709 MiB, 12288 MiB, 13 %, 56
1, NVIDIA GeForce RTX 4090, 17511 MiB, 24564 MiB, 100 %, 77
0, NVIDIA GeForce RTX 3060, 1709 MiB, 12288 MiB, 13 %, 56
1, NVIDIA GeForce RTX 4090, 17511 MiB, 24564 MiB, 100 %, 75
0, NVIDIA GeForce RTX 3060, 1707 MiB, 12288 MiB, 14 %, 56
1, NVIDIA GeForce RTX 4090, 17511 MiB, 24564 MiB, 100 %, 79
0, NVIDIA GeForce RTX 3060, 1710 MiB, 12288 MiB, 19 %, 56
1, NVIDIA GeForce RTX 4090, 17511 MiB, 24564 MiB, 100 %, 79
0, NVIDIA GeForce RTX 3060, 1709 MiB, 12288 MiB, 17 %, 56
1, NVIDIA GeForce RTX 4090, 17511 MiB, 24564 MiB, 100 %, 78
0, NVIDIA GeForce RTX 3060, 1709 MiB, 12288 MiB, 12 %, 56
1, NVIDIA GeForce RTX 4090, 17511 MiB, 24564 MiB, 100 %, 79
0, NVIDIA GeForce RTX 3060, 1709 MiB, 12288 MiB, 14 %, 56
1, NVIDIA GeForce RTX 4090, 17511 MiB, 24564 MiB, 1 %, 62
0, NVIDIA GeForce RTX 3060, 1715 MiB, 12288 MiB, 15 %, 56
1, NVIDIA GeForce RTX 4090, 4803 MiB, 24564 MiB, 3 %, 60
