0, NVIDIA GeForce RTX 3060, 1546 MiB, 12288 MiB, 15 %, 52
1, NVIDIA GeForce RTX 4090, 1779 MiB, 24564 MiB, 0 %, 46
0, NVIDIA GeForce RTX 3060, 1537 MiB, 12288 MiB, 18 %, 52
1, NVIDIA GeForce RTX 4090, 1779 MiB, 24564 MiB, 0 %, 46
0, NVIDIA GeForce RTX 3060, 1537 MiB, 12288 MiB, 14 %, 52
1, NVIDIA GeForce RTX 4090, 2199 MiB, 24564 MiB, 0 %, 46
0, NVIDIA GeForce RTX 3060, 1537 MiB, 12288 MiB, 16 %, 52
1, NVIDIA GeForce RTX 4090, 5941 MiB, 24564 MiB, 100 %, 61
0, NVIDIA GeForce RTX 3060, 1542 MiB, 12288 MiB, 15 %, 52
1, NVIDIA GeForce RTX 4090, 5941 MiB, 24564 MiB, 100 %, 65
0, NVIDIA GeForce RTX 3060, 1549 MiB, 12288 MiB, 15 %, 52
1, NVIDIA GeForce RTX 4090, 5941 MiB, 24564 MiB, 100 %, 67
0, NVIDIA GeForce RTX 3060, 1549 MiB, 12288 MiB, 14 %, 52
1, NVIDIA GeForce RTX 4090, 5941 MiB, 24564 MiB, 100 %, 67
0, NVIDIA GeForce RTX 3060, 1544 MiB, 12288 MiB, 14 %, 52
1, NVIDIA GeForce RTX 4090, 5941 MiB, 24564 MiB, 100 %, 68
0, NVIDIA GeForce RTX 3060, 1544 MiB, 12288 MiB, 15 %, 52
1, NVIDIA GeForce RTX 4090, 5941 MiB, 24564 MiB, 100 %, 67
0, NVIDIA GeForce RTX 3060, 1542 MiB, 12288 MiB, 13 %, 52
1, NVIDIA GeForce RTX 4090, 5941 MiB, 24564 MiB, 100 %, 69
0, NVIDIA GeForce RTX 3060, 1541 MiB, 12288 MiB, 21 %, 52
1, NVIDIA GeForce RTX 4090, 5941 MiB, 24564 MiB, 100 %, 69
0, NVIDIA GeForce RTX 3060, 1547 MiB, 12288 MiB, 14 %, 52
1, NVIDIA GeForce RTX 4090, 5941 MiB, 24564 MiB, 100 %, 70
0, NVIDIA GeForce RTX 3060, 1547 MiB, 12288 MiB, 26 %, 52
1, NVIDIA GeForce RTX 4090, 5941 MiB, 24564 MiB, 100 %, 69
0, NVIDIA GeForce RTX 3060, 1545 MiB, 12288 MiB, 17 %, 52
1, NVIDIA GeForce RTX 4090, 5941 MiB, 24564 MiB, 100 %, 70
0, NVIDIA GeForce RTX 3060, 1547 MiB, 12288 MiB, 14 %, 52
1, NVIDIA GeForce RTX 4090, 5941 MiB, 24564 MiB, 100 %, 70
0, NVIDIA GeForce RTX 3060, 1551 MiB, 12288 MiB, 14 %, 52
1, NVIDIA GeForce RTX 4090, 5941 MiB, 24564 MiB, 100 %, 72
0, NVIDIA GeForce RTX 3060, 1551 MiB, 12288 MiB, 17 %, 52
1, NVIDIA GeForce RTX 4090, 5941 MiB, 24564 MiB, 99 %, 71
0, NVIDIA GeForce RTX 3060, 1546 MiB, 12288 MiB, 15 %, 52
1, NVIDIA GeForce RTX 4090, 1869 MiB, 24564 MiB, 81 %, 58
0, NVIDIA GeForce RTX 3060, 1545 MiB, 12288 MiB, 15 %, 52
1, NVIDIA GeForce RTX 4090, 4429 MiB, 24564 MiB, 87 %, 56
0, NVIDIA GeForce RTX 3060, 1543 MiB, 12288 MiB, 17 %, 52
1, NVIDIA GeForce RTX 4090, 12357 MiB, 24564 MiB, 99 %, 67
0, NVIDIA GeForce RTX 3060, 1543 MiB, 12288 MiB, 16 %, 52
1, NVIDIA GeForce RTX 4090, 12357 MiB, 24564 MiB, 98 %, 69
0, NVIDIA GeForce RTX 3060, 1543 MiB, 12288 MiB, 17 %, 52
1, NVIDIA GeForce RTX 4090, 5635 MiB, 24564 MiB, 91 %, 69
0, NVIDIA GeForce RTX 3060, 1548 MiB, 12288 MiB, 15 %, 52
1, NVIDIA GeForce RTX 4090, 8477 MiB, 24564 MiB, 97 %, 70
0, NVIDIA GeForce RTX 3060, 1540 MiB, 12288 MiB, 17 %, 52
1, NVIDIA GeForce RTX 4090, 12477 MiB, 24564 MiB, 98 %, 67
0, NVIDIA GeForce RTX 3060, 1543 MiB, 12288 MiB, 16 %, 52
1, NVIDIA GeForce RTX 4090, 12677 MiB, 24564 MiB, 100 %, 74
0, NVIDIA GeForce RTX 3060, 1543 MiB, 12288 MiB, 16 %, 52
1, NVIDIA GeForce RTX 4090, 12677 MiB, 24564 MiB, 100 %, 73
0, NVIDIA GeForce RTX 3060, 1539 MiB, 12288 MiB, 16 %, 52
1, NVIDIA GeForce RTX 4090, 12677 MiB, 24564 MiB, 100 %, 74
0, NVIDIA GeForce RTX 3060, 1548 MiB, 12288 MiB, 16 %, 52
1, NVIDIA GeForce RTX 4090, 12677 MiB, 24564 MiB, 100 %, 75
0, NVIDIA GeForce RTX 3060, 1553 MiB, 12288 MiB, 27 %, 52
1, NVIDIA GeForce RTX 4090, 12677 MiB, 24564 MiB, 100 %, 75
0, NVIDIA GeForce RTX 3060, 1548 MiB, 12288 MiB, 15 %, 52
1, NVIDIA GeForce RTX 4090, 12677 MiB, 24564 MiB, 100 %, 76
0, NVIDIA GeForce RTX 3060, 1554 MiB, 12288 MiB, 19 %, 52
1, NVIDIA GeForce RTX 4090, 12677 MiB, 24564 MiB, 100 %, 77
0, NVIDIA GeForce RTX 3060, 1554 MiB, 12288 MiB, 17 %, 52
1, NVIDIA GeForce RTX 4090, 12677 MiB, 24564 MiB, 100 %, 75
0, NVIDIA GeForce RTX 3060, 1554 MiB, 12288 MiB, 17 %, 52
1, NVIDIA GeForce RTX 4090, 12677 MiB, 24564 MiB, 100 %, 76
0, NVIDIA GeForce RTX 3060, 1544 MiB, 12288 MiB, 21 %, 52
1, NVIDIA GeForce RTX 4090, 12677 MiB, 24564 MiB, 100 %, 74
0, NVIDIA GeForce RTX 3060, 1544 MiB, 12288 MiB, 17 %, 52
1, NVIDIA GeForce RTX 4090, 12677 MiB, 24564 MiB, 100 %, 77
0, NVIDIA GeForce RTX 3060, 1543 MiB, 12288 MiB, 16 %, 52
1, NVIDIA GeForce RTX 4090, 12677 MiB, 24564 MiB, 100 %, 77
0, NVIDIA GeForce RTX 3060, 1533 MiB, 12288 MiB, 15 %, 52
1, NVIDIA GeForce RTX 4090, 12677 MiB, 24564 MiB, 100 %, 75
0, NVIDIA GeForce RTX 3060, 1543 MiB, 12288 MiB, 17 %, 52
1, NVIDIA GeForce RTX 4090, 12677 MiB, 24564 MiB, 100 %, 79
0, NVIDIA GeForce RTX 3060, 1548 MiB, 12288 MiB, 20 %, 52
1, NVIDIA GeForce RTX 4090, 12677 MiB, 24564 MiB, 100 %, 79
0, NVIDIA GeForce RTX 3060, 1548 MiB, 12288 MiB, 16 %, 52
1, NVIDIA GeForce RTX 4090, 12677 MiB, 24564 MiB, 100 %, 78
0, NVIDIA GeForce RTX 3060, 1544 MiB, 12288 MiB, 16 %, 52
1, NVIDIA GeForce RTX 4090, 12677 MiB, 24564 MiB, 100 %, 78
0, NVIDIA GeForce RTX 3060, 1544 MiB, 12288 MiB, 16 %, 52
1, NVIDIA GeForce RTX 4090, 12677 MiB, 24564 MiB, 100 %, 77
0, NVIDIA GeForce RTX 3060, 1546 MiB, 12288 MiB, 16 %, 52
1, NVIDIA GeForce RTX 4090, 12677 MiB, 24564 MiB, 100 %, 79
0, NVIDIA GeForce RTX 3060, 1546 MiB, 12288 MiB, 16 %, 52
1, NVIDIA GeForce RTX 4090, 12677 MiB, 24564 MiB, 100 %, 80
0, NVIDIA GeForce RTX 3060, 1550 MiB, 12288 MiB, 23 %, 52
1, NVIDIA GeForce RTX 4090, 12677 MiB, 24564 MiB, 100 %, 80
0, NVIDIA GeForce RTX 3060, 1550 MiB, 12288 MiB, 15 %, 52
1, NVIDIA GeForce RTX 4090, 12677 MiB, 24564 MiB, 100 %, 80
0, NVIDIA GeForce RTX 3060, 1546 MiB, 12288 MiB, 18 %, 53
1, NVIDIA GeForce RTX 4090, 12677 MiB, 24564 MiB, 100 %, 79
0, NVIDIA GeForce RTX 3060, 1553 MiB, 12288 MiB, 16 %, 52
1, NVIDIA GeForce RTX 4090, 12677 MiB, 24564 MiB, 100 %, 79
0, NVIDIA GeForce RTX 3060, 1554 MiB, 12288 MiB, 18 %, 52
1, NVIDIA GeForce RTX 4090, 12677 MiB, 24564 MiB, 100 %, 81
0, NVIDIA GeForce RTX 3060, 1550 MiB, 12288 MiB, 16 %, 52
1, NVIDIA GeForce RTX 4090, 12677 MiB, 24564 MiB, 100 %, 80
0, NVIDIA GeForce RTX 3060, 1550 MiB, 12288 MiB, 12 %, 52
1, NVIDIA GeForce RTX 4090, 12677 MiB, 24564 MiB, 100 %, 78
0, NVIDIA GeForce RTX 3060, 1546 MiB, 12288 MiB, 13 %, 53
1, NVIDIA GeForce RTX 4090, 12677 MiB, 24564 MiB, 100 %, 77
0, NVIDIA GeForce RTX 3060, 1546 MiB, 12288 MiB, 14 %, 52
1, NVIDIA GeForce RTX 4090, 12677 MiB, 24564 MiB, 100 %, 80
0, NVIDIA GeForce RTX 3060, 1546 MiB, 12288 MiB, 14 %, 53
1, NVIDIA GeForce RTX 4090, 12677 MiB, 24564 MiB, 100 %, 79
0, NVIDIA GeForce RTX 3060, 1546 MiB, 12288 MiB, 16 %, 53
1, NVIDIA GeForce RTX 4090, 12677 MiB, 24564 MiB, 100 %, 79
0, NVIDIA GeForce RTX 3060, 1546 MiB, 12288 MiB, 17 %, 53
1, NVIDIA GeForce RTX 4090, 12677 MiB, 24564 MiB, 100 %, 80
0, NVIDIA GeForce RTX 3060, 1546 MiB, 12288 MiB, 16 %, 53
1, NVIDIA GeForce RTX 4090, 12677 MiB, 24564 MiB, 76 %, 66
0, NVIDIA GeForce RTX 3060, 1545 MiB, 12288 MiB, 14 %, 53
1, NVIDIA GeForce RTX 4090, 12117 MiB, 24564 MiB, 0 %, 62
0, NVIDIA GeForce RTX 3060, 1549 MiB, 12288 MiB, 14 %, 53
1, NVIDIA GeForce RTX 4090, 5087 MiB, 24564 MiB, 0 %, 59
