0, NVIDIA GeForce RTX 3060, 1567 MiB, 12288 MiB, 19 %, 44
1, NVIDIA GeForce RTX 4090, 5087 MiB, 24564 MiB, 0 %, 36
0, NVIDIA GeForce RTX 3060, 1561 MiB, 12288 MiB, 15 %, 43
1, NVIDIA GeForce RTX 4090, 5087 MiB, 24564 MiB, 0 %, 36
0, NVIDIA GeForce RTX 3060, 1557 MiB, 12288 MiB, 12 %, 44
1, NVIDIA GeForce RTX 4090, 5087 MiB, 24564 MiB, 0 %, 36
0, NVIDIA GeForce RTX 3060, 1558 MiB, 12288 MiB, 15 %, 44
1, NVIDIA GeForce RTX 4090, 5087 MiB, 24564 MiB, 0 %, 36
0, NVIDIA GeForce RTX 3060, 1558 MiB, 12288 MiB, 17 %, 43
1, NVIDIA GeForce RTX 4090, 5087 MiB, 24564 MiB, 0 %, 36
0, NVIDIA GeForce RTX 3060, 1533 MiB, 12288 MiB, 16 %, 44
1, NVIDIA GeForce RTX 4090, 5087 MiB, 24564 MiB, 0 %, 36
0, NVIDIA GeForce RTX 3060, 1533 MiB, 12288 MiB, 10 %, 44
1, NVIDIA GeForce RTX 4090, 5087 MiB, 24564 MiB, 0 %, 35
0, NVIDIA GeForce RTX 3060, 1533 MiB, 12288 MiB, 11 %, 43
1, NVIDIA GeForce RTX 4090, 5087 MiB, 24564 MiB, 0 %, 35
0, NVIDIA GeForce RTX 3060, 1537 MiB, 12288 MiB, 15 %, 43
1, NVIDIA GeForce RTX 4090, 5087 MiB, 24564 MiB, 0 %, 36
0, NVIDIA GeForce RTX 3060, 1536 MiB, 12288 MiB, 15 %, 44
1, NVIDIA GeForce RTX 4090, 5087 MiB, 24564 MiB, 0 %, 35
0, NVIDIA GeForce RTX 3060, 1537 MiB, 12288 MiB, 14 %, 43
1, NVIDIA GeForce RTX 4090, 5087 MiB, 24564 MiB, 0 %, 35
0, NVIDIA GeForce RTX 3060, 1537 MiB, 12288 MiB, 11 %, 43
1, NVIDIA GeForce RTX 4090, 5087 MiB, 24564 MiB, 0 %, 35
0, NVIDIA GeForce RTX 3060, 1542 MiB, 12288 MiB, 17 %, 44
1, NVIDIA GeForce RTX 4090, 5087 MiB, 24564 MiB, 0 %, 35
0, NVIDIA GeForce RTX 3060, 1548 MiB, 12288 MiB, 21 %, 44
1, NVIDIA GeForce RTX 4090, 5087 MiB, 24564 MiB, 0 %, 35
0, NVIDIA GeForce RTX 3060, 1552 MiB, 12288 MiB, 11 %, 43
1, NVIDIA GeForce RTX 4090, 5087 MiB, 24564 MiB, 0 %, 35
0, NVIDIA GeForce RTX 3060, 1548 MiB, 12288 MiB, 12 %, 44
1, NVIDIA GeForce RTX 4090, 5087 MiB, 24564 MiB, 0 %, 35
0, NVIDIA GeForce RTX 3060, 1544 MiB, 12288 MiB, 15 %, 44
1, NVIDIA GeForce RTX 4090, 5087 MiB, 24564 MiB, 0 %, 35
0, NVIDIA GeForce RTX 3060, 1540 MiB, 12288 MiB, 16 %, 43
1, NVIDIA GeForce RTX 4090, 5087 MiB, 24564 MiB, 0 %, 35
0, NVIDIA GeForce RTX 3060, 1535 MiB, 12288 MiB, 12 %, 43
1, NVIDIA GeForce RTX 4090, 5087 MiB, 24564 MiB, 0 %, 35
0, NVIDIA GeForce RTX 3060, 1535 MiB, 12288 MiB, 12 %, 44
1, NVIDIA GeForce RTX 4090, 5087 MiB, 24564 MiB, 0 %, 35
0, NVIDIA GeForce RTX 3060, 1533 MiB, 12288 MiB, 16 %, 43
1, NVIDIA GeForce RTX 4090, 5087 MiB, 24564 MiB, 0 %, 35
0, NVIDIA GeForce RTX 3060, 1532 MiB, 12288 MiB, 18 %, 43
1, NVIDIA GeForce RTX 4090, 5087 MiB, 24564 MiB, 0 %, 35
0, NVIDIA GeForce RTX 3060, 1532 MiB, 12288 MiB, 20 %, 43
1, NVIDIA GeForce RTX 4090, 5087 MiB, 24564 MiB, 0 %, 35
0, NVIDIA GeForce RTX 3060, 1532 MiB, 12288 MiB, 22 %, 43
1, NVIDIA GeForce RTX 4090, 5087 MiB, 24564 MiB, 0 %, 35
0, NVIDIA GeForce RTX 3060, 1532 MiB, 12288 MiB, 22 %, 43
1, NVIDIA GeForce RTX 4090, 5087 MiB, 24564 MiB, 0 %, 35
0, NVIDIA GeForce RTX 3060, 1532 MiB, 12288 MiB, 24 %, 43
1, NVIDIA GeForce RTX 4090, 5087 MiB, 24564 MiB, 0 %, 35
0, NVIDIA GeForce RTX 3060, 1537 MiB, 12288 MiB, 25 %, 43
1, NVIDIA GeForce RTX 4090, 5087 MiB, 24564 MiB, 0 %, 35
0, NVIDIA GeForce RTX 3060, 1537 MiB, 12288 MiB, 19 %, 44
1, NVIDIA GeForce RTX 4090, 5087 MiB, 24564 MiB, 0 %, 35
0, NVIDIA GeForce RTX 3060, 1532 MiB, 12288 MiB, 20 %, 43
1, NVIDIA GeForce RTX 4090, 5087 MiB, 24564 MiB, 0 %, 35
0, NVIDIA GeForce RTX 3060, 1532 MiB, 12288 MiB, 23 %, 43
1, NVIDIA GeForce RTX 4090, 5087 MiB, 24564 MiB, 95 %, 35
0, NVIDIA GeForce RTX 3060, 1534 MiB, 12288 MiB, 20 %, 43
1, NVIDIA GeForce RTX 4090, 5087 MiB, 24564 MiB, 37 %, 38
0, NVIDIA GeForce RTX 3060, 1534 MiB, 12288 MiB, 22 %, 43
1, NVIDIA GeForce RTX 4090, 5087 MiB, 24564 MiB, 17 %, 38
0, NVIDIA GeForce RTX 3060, 1534 MiB, 12288 MiB, 20 %, 43
1, NVIDIA GeForce RTX 4090, 1823 MiB, 24564 MiB, 0 %, 38
0, NVIDIA GeForce RTX 3060, 1534 MiB, 12288 MiB, 19 %, 43
1, NVIDIA GeForce RTX 4090, 3763 MiB, 24564 MiB, 0 %, 38
0, NVIDIA GeForce RTX 3060, 1544 MiB, 12288 MiB, 17 %, 43
1, NVIDIA GeForce RTX 4090, 7923 MiB, 24564 MiB, 49 %, 45
0, NVIDIA GeForce RTX 3060, 1543 MiB, 12288 MiB, 18 %, 44
1, NVIDIA GeForce RTX 4090, 8043 MiB, 24564 MiB, 100 %, 54
0, NVIDIA GeForce RTX 3060, 1543 MiB, 12288 MiB, 18 %, 43
1, NVIDIA GeForce RTX 4090, 8045 MiB, 24564 MiB, 100 %, 56
0, NVIDIA GeForce RTX 3060, 1543 MiB, 12288 MiB, 23 %, 43
1, NVIDIA GeForce RTX 4090, 8047 MiB, 24564 MiB, 100 %, 58
0, NVIDIA GeForce RTX 3060, 1543 MiB, 12288 MiB, 28 %, 43
1, NVIDIA GeForce RTX 4090, 8049 MiB, 24564 MiB, 100 %, 58
0, NVIDIA GeForce RTX 3060, 1543 MiB, 12288 MiB, 24 %, 43
1, NVIDIA GeForce RTX 4090, 8311 MiB, 24564 MiB, 100 %, 60
0, NVIDIA GeForce RTX 3060, 1543 MiB, 12288 MiB, 21 %, 43
1, NVIDIA GeForce RTX 4090, 8311 MiB, 24564 MiB, 100 %, 58
0, NVIDIA GeForce RTX 3060, 1532 MiB, 12288 MiB, 19 %, 43
1, NVIDIA GeForce RTX 4090, 8311 MiB, 24564 MiB, 100 %, 58
0, NVIDIA GeForce RTX 3060, 1532 MiB, 12288 MiB, 19 %, 43
1, NVIDIA GeForce RTX 4090, 8311 MiB, 24564 MiB, 100 %, 59
0, NVIDIA GeForce RTX 3060, 1532 MiB, 12288 MiB, 21 %, 43
1, NVIDIA GeForce RTX 4090, 8311 MiB, 24564 MiB, 100 %, 59
0, NVIDIA GeForce RTX 3060, 1532 MiB, 12288 MiB, 21 %, 44
1, NVIDIA GeForce RTX 4090, 8311 MiB, 24564 MiB, 100 %, 62
0, NVIDIA GeForce RTX 3060, 1537 MiB, 12288 MiB, 33 %, 44
1, NVIDIA GeForce RTX 4090, 8311 MiB, 24564 MiB, 100 %, 61
0, NVIDIA GeForce RTX 3060, 1542 MiB, 12288 MiB, 21 %, 43
1, NVIDIA GeForce RTX 4090, 8311 MiB, 24564 MiB, 100 %, 61
0, NVIDIA GeForce RTX 3060, 1539 MiB, 12288 MiB, 21 %, 43
1, NVIDIA GeForce RTX 4090, 8311 MiB, 24564 MiB, 100 %, 63
0, NVIDIA GeForce RTX 3060, 1539 MiB, 12288 MiB, 15 %, 43
1, NVIDIA GeForce RTX 4090, 8311 MiB, 24564 MiB, 100 %, 64
0, NVIDIA GeForce RTX 3060, 1543 MiB, 12288 MiB, 21 %, 43
1, NVIDIA GeForce RTX 4090, 8311 MiB, 24564 MiB, 100 %, 61
0, NVIDIA GeForce RTX 3060, 1543 MiB, 12288 MiB, 18 %, 43
1, NVIDIA GeForce RTX 4090, 8311 MiB, 24564 MiB, 100 %, 63
0, NVIDIA GeForce RTX 3060, 1538 MiB, 12288 MiB, 18 %, 43
1, NVIDIA GeForce RTX 4090, 8311 MiB, 24564 MiB, 100 %, 64
0, NVIDIA GeForce RTX 3060, 1538 MiB, 12288 MiB, 18 %, 43
1, NVIDIA GeForce RTX 4090, 8311 MiB, 24564 MiB, 100 %, 65
0, NVIDIA GeForce RTX 3060, 1539 MiB, 12288 MiB, 18 %, 43
1, NVIDIA GeForce RTX 4090, 8311 MiB, 24564 MiB, 100 %, 65
0, NVIDIA GeForce RTX 3060, 1539 MiB, 12288 MiB, 17 %, 44
1, NVIDIA GeForce RTX 4090, 8311 MiB, 24564 MiB, 100 %, 65
0, NVIDIA GeForce RTX 3060, 1539 MiB, 12288 MiB, 20 %, 44
1, NVIDIA GeForce RTX 4090, 8311 MiB, 24564 MiB, 100 %, 66
0, NVIDIA GeForce RTX 3060, 1538 MiB, 12288 MiB, 25 %, 43
1, NVIDIA GeForce RTX 4090, 8311 MiB, 24564 MiB, 100 %, 65
0, NVIDIA GeForce RTX 3060, 1541 MiB, 12288 MiB, 30 %, 44
1, NVIDIA GeForce RTX 4090, 8311 MiB, 24564 MiB, 100 %, 67
0, NVIDIA GeForce RTX 3060, 1536 MiB, 12288 MiB, 22 %, 44
1, NVIDIA GeForce RTX 4090, 8311 MiB, 24564 MiB, 100 %, 66
0, NVIDIA GeForce RTX 3060, 1532 MiB, 12288 MiB, 15 %, 43
1, NVIDIA GeForce RTX 4090, 8311 MiB, 24564 MiB, 100 %, 66
0, NVIDIA GeForce RTX 3060, 1532 MiB, 12288 MiB, 16 %, 44
1, NVIDIA GeForce RTX 4090, 8311 MiB, 24564 MiB, 100 %, 67
0, NVIDIA GeForce RTX 3060, 1532 MiB, 12288 MiB, 12 %, 44
1, NVIDIA GeForce RTX 4090, 8311 MiB, 24564 MiB, 100 %, 68
0, NVIDIA GeForce RTX 3060, 1536 MiB, 12288 MiB, 12 %, 44
1, NVIDIA GeForce RTX 4090, 8311 MiB, 24564 MiB, 100 %, 67
0, NVIDIA GeForce RTX 3060, 1536 MiB, 12288 MiB, 16 %, 44
1, NVIDIA GeForce RTX 4090, 8311 MiB, 24564 MiB, 100 %, 69
0, NVIDIA GeForce RTX 3060, 1536 MiB, 12288 MiB, 19 %, 44
1, NVIDIA GeForce RTX 4090, 8311 MiB, 24564 MiB, 100 %, 67
0, NVIDIA GeForce RTX 3060, 1536 MiB, 12288 MiB, 12 %, 44
1, NVIDIA GeForce RTX 4090, 8311 MiB, 24564 MiB, 100 %, 68
0, NVIDIA GeForce RTX 3060, 1536 MiB, 12288 MiB, 11 %, 44
1, NVIDIA GeForce RTX 4090, 8311 MiB, 24564 MiB, 100 %, 68
0, NVIDIA GeForce RTX 3060, 1535 MiB, 12288 MiB, 15 %, 43
1, NVIDIA GeForce RTX 4090, 8311 MiB, 24564 MiB, 100 %, 68
0, NVIDIA GeForce RTX 3060, 1535 MiB, 12288 MiB, 13 %, 44
1, NVIDIA GeForce RTX 4090, 8311 MiB, 24564 MiB, 100 %, 68
0, NVIDIA GeForce RTX 3060, 1531 MiB, 12288 MiB, 11 %, 44
1, NVIDIA GeForce RTX 4090, 8311 MiB, 24564 MiB, 100 %, 70
0, NVIDIA GeForce RTX 3060, 1531 MiB, 12288 MiB, 12 %, 44
1, NVIDIA GeForce RTX 4090, 8311 MiB, 24564 MiB, 100 %, 68
0, NVIDIA GeForce RTX 3060, 1531 MiB, 12288 MiB, 15 %, 44
1, NVIDIA GeForce RTX 4090, 8311 MiB, 24564 MiB, 100 %, 69
0, NVIDIA GeForce RTX 3060, 1531 MiB, 12288 MiB, 14 %, 44
1, NVIDIA GeForce RTX 4090, 8311 MiB, 24564 MiB, 100 %, 71
0, NVIDIA GeForce RTX 3060, 1535 MiB, 12288 MiB, 13 %, 44
1, NVIDIA GeForce RTX 4090, 8311 MiB, 24564 MiB, 100 %, 71
0, NVIDIA GeForce RTX 3060, 1535 MiB, 12288 MiB, 13 %, 44
1, NVIDIA GeForce RTX 4090, 8311 MiB, 24564 MiB, 100 %, 69
0, NVIDIA GeForce RTX 3060, 1538 MiB, 12288 MiB, 15 %, 44
1, NVIDIA GeForce RTX 4090, 8311 MiB, 24564 MiB, 100 %, 72
0, NVIDIA GeForce RTX 3060, 1542 MiB, 12288 MiB, 15 %, 44
1, NVIDIA GeForce RTX 4090, 8311 MiB, 24564 MiB, 100 %, 71
0, NVIDIA GeForce RTX 3060, 1546 MiB, 12288 MiB, 13 %, 44
1, NVIDIA GeForce RTX 4090, 8311 MiB, 24564 MiB, 100 %, 72
0, NVIDIA GeForce RTX 3060, 1542 MiB, 12288 MiB, 13 %, 44
1, NVIDIA GeForce RTX 4090, 8311 MiB, 24564 MiB, 100 %, 73
0, NVIDIA GeForce RTX 3060, 1542 MiB, 12288 MiB, 15 %, 44
1, NVIDIA GeForce RTX 4090, 8311 MiB, 24564 MiB, 100 %, 71
0, NVIDIA GeForce RTX 3060, 1542 MiB, 12288 MiB, 21 %, 44
1, NVIDIA GeForce RTX 4090, 8311 MiB, 24564 MiB, 100 %, 72
0, NVIDIA GeForce RTX 3060, 1542 MiB, 12288 MiB, 15 %, 44
1, NVIDIA GeForce RTX 4090, 8311 MiB, 24564 MiB, 99 %, 73
0, NVIDIA GeForce RTX 3060, 1538 MiB, 12288 MiB, 14 %, 44
1, NVIDIA GeForce RTX 4090, 8311 MiB, 24564 MiB, 100 %, 73
0, NVIDIA GeForce RTX 3060, 1533 MiB, 12288 MiB, 14 %, 44
1, NVIDIA GeForce RTX 4090, 8311 MiB, 24564 MiB, 100 %, 72
0, NVIDIA GeForce RTX 3060, 1533 MiB, 12288 MiB, 11 %, 44
1, NVIDIA GeForce RTX 4090, 8311 MiB, 24564 MiB, 100 %, 73
0, NVIDIA GeForce RTX 3060, 1533 MiB, 12288 MiB, 10 %, 44
1, NVIDIA GeForce RTX 4090, 8311 MiB, 24564 MiB, 100 %, 72
0, NVIDIA GeForce RTX 3060, 1533 MiB, 12288 MiB, 9 %, 44
1, NVIDIA GeForce RTX 4090, 8311 MiB, 24564 MiB, 100 %, 74
0, NVIDIA GeForce RTX 3060, 1537 MiB, 12288 MiB, 18 %, 44
1, NVIDIA GeForce RTX 4090, 8311 MiB, 24564 MiB, 100 %, 72
0, NVIDIA GeForce RTX 3060, 1555 MiB, 12288 MiB, 10 %, 44
1, NVIDIA GeForce RTX 4090, 8311 MiB, 24564 MiB, 99 %, 74
0, NVIDIA GeForce RTX 3060, 1543 MiB, 12288 MiB, 10 %, 44
1, NVIDIA GeForce RTX 4090, 8311 MiB, 24564 MiB, 100 %, 74
0, NVIDIA GeForce RTX 3060, 1543 MiB, 12288 MiB, 10 %, 44
1, NVIDIA GeForce RTX 4090, 8311 MiB, 24564 MiB, 100 %, 74
0, NVIDIA GeForce RTX 3060, 1543 MiB, 12288 MiB, 12 %, 44
1, NVIDIA GeForce RTX 4090, 8311 MiB, 24564 MiB, 100 %, 74
0, NVIDIA GeForce RTX 3060, 1547 MiB, 12288 MiB, 20 %, 44
1, NVIDIA GeForce RTX 4090, 8311 MiB, 24564 MiB, 99 %, 74
0, NVIDIA GeForce RTX 3060, 1535 MiB, 12288 MiB, 12 %, 44
1, NVIDIA GeForce RTX 4090, 1909 MiB, 24564 MiB, 2 %, 59
0, NVIDIA GeForce RTX 3060, 1562 MiB, 12288 MiB, 20 %, 44
1, NVIDIA GeForce RTX 4090, 4329 MiB, 24564 MiB, 76 %, 58
0, NVIDIA GeForce RTX 3060, 1564 MiB, 12288 MiB, 18 %, 44
1, NVIDIA GeForce RTX 4090, 13199 MiB, 24564 MiB, 98 %, 67
0, NVIDIA GeForce RTX 3060, 1562 MiB, 12288 MiB, 17 %, 44
1, NVIDIA GeForce RTX 4090, 13199 MiB, 24564 MiB, 99 %, 71
0, NVIDIA GeForce RTX 3060, 1561 MiB, 12288 MiB, 21 %, 44
1, NVIDIA GeForce RTX 4090, 13199 MiB, 24564 MiB, 99 %, 70
0, NVIDIA GeForce RTX 3060, 1561 MiB, 12288 MiB, 18 %, 44
1, NVIDIA GeForce RTX 4090, 13199 MiB, 24564 MiB, 77 %, 67
0, NVIDIA GeForce RTX 3060, 1532 MiB, 12288 MiB, 18 %, 45
1, NVIDIA GeForce RTX 4090, 13199 MiB, 24564 MiB, 97 %, 69
0, NVIDIA GeForce RTX 3060, 1532 MiB, 12288 MiB, 19 %, 45
1, NVIDIA GeForce RTX 4090, 13199 MiB, 24564 MiB, 99 %, 73
0, NVIDIA GeForce RTX 3060, 1532 MiB, 12288 MiB, 19 %, 44
1, NVIDIA GeForce RTX 4090, 12015 MiB, 24564 MiB, 7 %, 61
0, NVIDIA GeForce RTX 3060, 1532 MiB, 12288 MiB, 18 %, 45
1, NVIDIA GeForce RTX 4090, 13199 MiB, 24564 MiB, 99 %, 70
0, NVIDIA GeForce RTX 3060, 1532 MiB, 12288 MiB, 20 %, 45
1, NVIDIA GeForce RTX 4090, 13199 MiB, 24564 MiB, 98 %, 71
0, NVIDIA GeForce RTX 3060, 1531 MiB, 12288 MiB, 20 %, 45
1, NVIDIA GeForce RTX 4090, 7535 MiB, 24564 MiB, 99 %, 71
0, NVIDIA GeForce RTX 3060, 1531 MiB, 12288 MiB, 21 %, 45
1, NVIDIA GeForce RTX 4090, 13199 MiB, 24564 MiB, 98 %, 70
0, NVIDIA GeForce RTX 3060, 1531 MiB, 12288 MiB, 17 %, 45
1, NVIDIA GeForce RTX 4090, 13199 MiB, 24564 MiB, 97 %, 71
0, NVIDIA GeForce RTX 3060, 1531 MiB, 12288 MiB, 18 %, 45
1, NVIDIA GeForce RTX 4090, 10799 MiB, 24564 MiB, 98 %, 74
0, NVIDIA GeForce RTX 3060, 1531 MiB, 12288 MiB, 20 %, 45
1, NVIDIA GeForce RTX 4090, 9401 MiB, 24564 MiB, 97 %, 70
0, NVIDIA GeForce RTX 3060, 1536 MiB, 12288 MiB, 19 %, 45
1, NVIDIA GeForce RTX 4090, 9401 MiB, 24564 MiB, 97 %, 72
0, NVIDIA GeForce RTX 3060, 1536 MiB, 12288 MiB, 20 %, 45
1, NVIDIA GeForce RTX 4090, 9401 MiB, 24564 MiB, 71 %, 59
0, NVIDIA GeForce RTX 3060, 1537 MiB, 12288 MiB, 19 %, 45
1, NVIDIA GeForce RTX 4090, 8761 MiB, 24564 MiB, 41 %, 58
0, NVIDIA GeForce RTX 3060, 1538 MiB, 12288 MiB, 19 %, 45
1, NVIDIA GeForce RTX 4090, 8761 MiB, 24564 MiB, 100 %, 73
0, NVIDIA GeForce RTX 3060, 1538 MiB, 12288 MiB, 18 %, 45
1, NVIDIA GeForce RTX 4090, 8841 MiB, 24564 MiB, 100 %, 76
0, NVIDIA GeForce RTX 3060, 1542 MiB, 12288 MiB, 18 %, 45
1, NVIDIA GeForce RTX 4090, 8861 MiB, 24564 MiB, 100 %, 75
0, NVIDIA GeForce RTX 3060, 1552 MiB, 12288 MiB, 20 %, 45
1, NVIDIA GeForce RTX 4090, 8861 MiB, 24564 MiB, 100 %, 75
0, NVIDIA GeForce RTX 3060, 1547 MiB, 12288 MiB, 18 %, 45
1, NVIDIA GeForce RTX 4090, 8861 MiB, 24564 MiB, 100 %, 75
0, NVIDIA GeForce RTX 3060, 1542 MiB, 12288 MiB, 21 %, 45
1, NVIDIA GeForce RTX 4090, 8861 MiB, 24564 MiB, 100 %, 78
0, NVIDIA GeForce RTX 3060, 1544 MiB, 12288 MiB, 22 %, 45
1, NVIDIA GeForce RTX 4090, 8861 MiB, 24564 MiB, 100 %, 79
0, NVIDIA GeForce RTX 3060, 1545 MiB, 12288 MiB, 22 %, 45
1, NVIDIA GeForce RTX 4090, 9241 MiB, 24564 MiB, 100 %, 76
0, NVIDIA GeForce RTX 3060, 1545 MiB, 12288 MiB, 28 %, 45
1, NVIDIA GeForce RTX 4090, 9241 MiB, 24564 MiB, 100 %, 78
0, NVIDIA GeForce RTX 3060, 1545 MiB, 12288 MiB, 17 %, 45
1, NVIDIA GeForce RTX 4090, 9241 MiB, 24564 MiB, 100 %, 77
0, NVIDIA GeForce RTX 3060, 1545 MiB, 12288 MiB, 18 %, 45
1, NVIDIA GeForce RTX 4090, 12461 MiB, 24564 MiB, 100 %, 77
0, NVIDIA GeForce RTX 3060, 1548 MiB, 12288 MiB, 22 %, 45
1, NVIDIA GeForce RTX 4090, 12461 MiB, 24564 MiB, 100 %, 76
0, NVIDIA GeForce RTX 3060, 1545 MiB, 12288 MiB, 10 %, 45
1, NVIDIA GeForce RTX 4090, 12581 MiB, 24564 MiB, 100 %, 79
0, NVIDIA GeForce RTX 3060, 1541 MiB, 12288 MiB, 20 %, 45
1, NVIDIA GeForce RTX 4090, 12581 MiB, 24564 MiB, 100 %, 80
0, NVIDIA GeForce RTX 3060, 1541 MiB, 12288 MiB, 15 %, 45
1, NVIDIA GeForce RTX 4090, 12641 MiB, 24564 MiB, 100 %, 77
0, NVIDIA GeForce RTX 3060, 1541 MiB, 12288 MiB, 10 %, 46
1, NVIDIA GeForce RTX 4090, 12641 MiB, 24564 MiB, 100 %, 78
0, NVIDIA GeForce RTX 3060, 1542 MiB, 12288 MiB, 10 %, 45
1, NVIDIA GeForce RTX 4090, 12781 MiB, 24564 MiB, 100 %, 78
0, NVIDIA GeForce RTX 3060, 1542 MiB, 12288 MiB, 10 %, 46
1, NVIDIA GeForce RTX 4090, 12781 MiB, 24564 MiB, 100 %, 77
0, NVIDIA GeForce RTX 3060, 1542 MiB, 12288 MiB, 10 %, 46
1, NVIDIA GeForce RTX 4090, 12781 MiB, 24564 MiB, 100 %, 80
0, NVIDIA GeForce RTX 3060, 1542 MiB, 12288 MiB, 12 %, 46
1, NVIDIA GeForce RTX 4090, 12781 MiB, 24564 MiB, 100 %, 78
0, NVIDIA GeForce RTX 3060, 1542 MiB, 12288 MiB, 10 %, 46
1, NVIDIA GeForce RTX 4090, 12781 MiB, 24564 MiB, 100 %, 80
0, NVIDIA GeForce RTX 3060, 1546 MiB, 12288 MiB, 11 %, 46
1, NVIDIA GeForce RTX 4090, 12781 MiB, 24564 MiB, 100 %, 80
0, NVIDIA GeForce RTX 3060, 1547 MiB, 12288 MiB, 13 %, 46
1, NVIDIA GeForce RTX 4090, 12781 MiB, 24564 MiB, 100 %, 79
0, NVIDIA GeForce RTX 3060, 1543 MiB, 12288 MiB, 14 %, 46
1, NVIDIA GeForce RTX 4090, 12781 MiB, 24564 MiB, 100 %, 79
0, NVIDIA GeForce RTX 3060, 1548 MiB, 12288 MiB, 10 %, 46
1, NVIDIA GeForce RTX 4090, 12781 MiB, 24564 MiB, 100 %, 79
0, NVIDIA GeForce RTX 3060, 1548 MiB, 12288 MiB, 10 %, 46
1, NVIDIA GeForce RTX 4090, 12781 MiB, 24564 MiB, 100 %, 80
0, NVIDIA GeForce RTX 3060, 1552 MiB, 12288 MiB, 12 %, 46
1, NVIDIA GeForce RTX 4090, 12781 MiB, 24564 MiB, 100 %, 77
0, NVIDIA GeForce RTX 3060, 1552 MiB, 12288 MiB, 10 %, 46
1, NVIDIA GeForce RTX 4090, 12781 MiB, 24564 MiB, 100 %, 79
0, NVIDIA GeForce RTX 3060, 1552 MiB, 12288 MiB, 12 %, 46
1, NVIDIA GeForce RTX 4090, 12781 MiB, 24564 MiB, 100 %, 80
0, NVIDIA GeForce RTX 3060, 1549 MiB, 12288 MiB, 10 %, 46
1, NVIDIA GeForce RTX 4090, 12781 MiB, 24564 MiB, 100 %, 77
0, NVIDIA GeForce RTX 3060, 1544 MiB, 12288 MiB, 10 %, 46
1, NVIDIA GeForce RTX 4090, 12781 MiB, 24564 MiB, 100 %, 80
0, NVIDIA GeForce RTX 3060, 1546 MiB, 12288 MiB, 14 %, 46
1, NVIDIA GeForce RTX 4090, 12781 MiB, 24564 MiB, 100 %, 77
0, NVIDIA GeForce RTX 3060, 1546 MiB, 12288 MiB, 14 %, 46
1, NVIDIA GeForce RTX 4090, 12781 MiB, 24564 MiB, 100 %, 78
0, NVIDIA GeForce RTX 3060, 1544 MiB, 12288 MiB, 10 %, 46
1, NVIDIA GeForce RTX 4090, 12781 MiB, 24564 MiB, 100 %, 79
0, NVIDIA GeForce RTX 3060, 1544 MiB, 12288 MiB, 10 %, 46
1, NVIDIA GeForce RTX 4090, 12781 MiB, 24564 MiB, 100 %, 81
0, NVIDIA GeForce RTX 3060, 1546 MiB, 12288 MiB, 18 %, 46
1, NVIDIA GeForce RTX 4090, 12781 MiB, 24564 MiB, 100 %, 82
0, NVIDIA GeForce RTX 3060, 1540 MiB, 12288 MiB, 12 %, 46
1, NVIDIA GeForce RTX 4090, 12781 MiB, 24564 MiB, 100 %, 80
0, NVIDIA GeForce RTX 3060, 1540 MiB, 12288 MiB, 10 %, 46
1, NVIDIA GeForce RTX 4090, 12781 MiB, 24564 MiB, 100 %, 82
0, NVIDIA GeForce RTX 3060, 1540 MiB, 12288 MiB, 9 %, 47
1, NVIDIA GeForce RTX 4090, 12781 MiB, 24564 MiB, 100 %, 77
0, NVIDIA GeForce RTX 3060, 1540 MiB, 12288 MiB, 14 %, 46
1, NVIDIA GeForce RTX 4090, 12781 MiB, 24564 MiB, 100 %, 80
0, NVIDIA GeForce RTX 3060, 1545 MiB, 12288 MiB, 14 %, 47
1, NVIDIA GeForce RTX 4090, 12781 MiB, 24564 MiB, 100 %, 80
0, NVIDIA GeForce RTX 3060, 1545 MiB, 12288 MiB, 11 %, 47
1, NVIDIA GeForce RTX 4090, 12781 MiB, 24564 MiB, 100 %, 80
0, NVIDIA GeForce RTX 3060, 1572 MiB, 12288 MiB, 10 %, 47
1, NVIDIA GeForce RTX 4090, 12781 MiB, 24564 MiB, 100 %, 80
0, NVIDIA GeForce RTX 3060, 1572 MiB, 12288 MiB, 9 %, 47
1, NVIDIA GeForce RTX 4090, 12781 MiB, 24564 MiB, 100 %, 79
0, NVIDIA GeForce RTX 3060, 1564 MiB, 12288 MiB, 9 %, 47
1, NVIDIA GeForce RTX 4090, 12781 MiB, 24564 MiB, 100 %, 79
0, NVIDIA GeForce RTX 3060, 1560 MiB, 12288 MiB, 21 %, 47
1, NVIDIA GeForce RTX 4090, 12781 MiB, 24564 MiB, 100 %, 80
0, NVIDIA GeForce RTX 3060, 1551 MiB, 12288 MiB, 21 %, 47
1, NVIDIA GeForce RTX 4090, 12781 MiB, 24564 MiB, 100 %, 81
0, NVIDIA GeForce RTX 3060, 1551 MiB, 12288 MiB, 18 %, 47
1, NVIDIA GeForce RTX 4090, 12781 MiB, 24564 MiB, 100 %, 80
0, NVIDIA GeForce RTX 3060, 1542 MiB, 12288 MiB, 22 %, 47
1, NVIDIA GeForce RTX 4090, 12781 MiB, 24564 MiB, 100 %, 82
0, NVIDIA GeForce RTX 3060, 1547 MiB, 12288 MiB, 23 %, 47
1, NVIDIA GeForce RTX 4090, 12781 MiB, 24564 MiB, 100 %, 81
0, NVIDIA GeForce RTX 3060, 1547 MiB, 12288 MiB, 18 %, 47
1, NVIDIA GeForce RTX 4090, 12781 MiB, 24564 MiB, 100 %, 80
0, NVIDIA GeForce RTX 3060, 1549 MiB, 12288 MiB, 19 %, 47
1, NVIDIA GeForce RTX 4090, 12781 MiB, 24564 MiB, 100 %, 80
0, NVIDIA GeForce RTX 3060, 1549 MiB, 12288 MiB, 20 %, 47
1, NVIDIA GeForce RTX 4090, 12781 MiB, 24564 MiB, 100 %, 80
0, NVIDIA GeForce RTX 3060, 1549 MiB, 12288 MiB, 21 %, 47
1, NVIDIA GeForce RTX 4090, 12781 MiB, 24564 MiB, 100 %, 80
0, NVIDIA GeForce RTX 3060, 1547 MiB, 12288 MiB, 15 %, 47
1, NVIDIA GeForce RTX 4090, 12781 MiB, 24564 MiB, 100 %, 82
0, NVIDIA GeForce RTX 3060, 1547 MiB, 12288 MiB, 18 %, 47
1, NVIDIA GeForce RTX 4090, 12781 MiB, 24564 MiB, 100 %, 83
0, NVIDIA GeForce RTX 3060, 1548 MiB, 12288 MiB, 20 %, 47
1, NVIDIA GeForce RTX 4090, 12781 MiB, 24564 MiB, 100 %, 81
0, NVIDIA GeForce RTX 3060, 1548 MiB, 12288 MiB, 20 %, 47
1, NVIDIA GeForce RTX 4090, 12781 MiB, 24564 MiB, 100 %, 82
0, NVIDIA GeForce RTX 3060, 1548 MiB, 12288 MiB, 18 %, 47
1, NVIDIA GeForce RTX 4090, 12781 MiB, 24564 MiB, 100 %, 80
0, NVIDIA GeForce RTX 3060, 1548 MiB, 12288 MiB, 19 %, 48
1, NVIDIA GeForce RTX 4090, 12781 MiB, 24564 MiB, 100 %, 82
0, NVIDIA GeForce RTX 3060, 1544 MiB, 12288 MiB, 29 %, 47
1, NVIDIA GeForce RTX 4090, 12781 MiB, 24564 MiB, 100 %, 83
0, NVIDIA GeForce RTX 3060, 1551 MiB, 12288 MiB, 20 %, 48
1, NVIDIA GeForce RTX 4090, 12781 MiB, 24564 MiB, 100 %, 79
0, NVIDIA GeForce RTX 3060, 1551 MiB, 12288 MiB, 17 %, 48
1, NVIDIA GeForce RTX 4090, 12781 MiB, 24564 MiB, 100 %, 81
0, NVIDIA GeForce RTX 3060, 1554 MiB, 12288 MiB, 14 %, 48
1, NVIDIA GeForce RTX 4090, 12781 MiB, 24564 MiB, 100 %, 81
0, NVIDIA GeForce RTX 3060, 1554 MiB, 12288 MiB, 20 %, 48
1, NVIDIA GeForce RTX 4090, 12781 MiB, 24564 MiB, 100 %, 82
0, NVIDIA GeForce RTX 3060, 1554 MiB, 12288 MiB, 24 %, 48
1, NVIDIA GeForce RTX 4090, 12781 MiB, 24564 MiB, 100 %, 80
0, NVIDIA GeForce RTX 3060, 1544 MiB, 12288 MiB, 25 %, 48
1, NVIDIA GeForce RTX 4090, 12781 MiB, 24564 MiB, 100 %, 83
0, NVIDIA GeForce RTX 3060, 1544 MiB, 12288 MiB, 16 %, 48
1, NVIDIA GeForce RTX 4090, 12781 MiB, 24564 MiB, 100 %, 81
0, NVIDIA GeForce RTX 3060, 1540 MiB, 12288 MiB, 22 %, 48
1, NVIDIA GeForce RTX 4090, 12781 MiB, 24564 MiB, 100 %, 82
0, NVIDIA GeForce RTX 3060, 1545 MiB, 12288 MiB, 19 %, 48
1, NVIDIA GeForce RTX 4090, 12781 MiB, 24564 MiB, 100 %, 82
0, NVIDIA GeForce RTX 3060, 1545 MiB, 12288 MiB, 15 %, 48
1, NVIDIA GeForce RTX 4090, 12781 MiB, 24564 MiB, 100 %, 80
0, NVIDIA GeForce RTX 3060, 1545 MiB, 12288 MiB, 18 %, 48
1, NVIDIA GeForce RTX 4090, 12781 MiB, 24564 MiB, 100 %, 83
0, NVIDIA GeForce RTX 3060, 1545 MiB, 12288 MiB, 19 %, 48
1, NVIDIA GeForce RTX 4090, 12781 MiB, 24564 MiB, 100 %, 82
0, NVIDIA GeForce RTX 3060, 1545 MiB, 12288 MiB, 19 %, 48
1, NVIDIA GeForce RTX 4090, 12781 MiB, 24564 MiB, 100 %, 83
0, NVIDIA GeForce RTX 3060, 1545 MiB, 12288 MiB, 15 %, 48
1, NVIDIA GeForce RTX 4090, 12781 MiB, 24564 MiB, 100 %, 81
0, NVIDIA GeForce RTX 3060, 1545 MiB, 12288 MiB, 13 %, 48
1, NVIDIA GeForce RTX 4090, 12781 MiB, 24564 MiB, 100 %, 81
0, NVIDIA GeForce RTX 3060, 1541 MiB, 12288 MiB, 10 %, 48
1, NVIDIA GeForce RTX 4090, 12781 MiB, 24564 MiB, 100 %, 80
0, NVIDIA GeForce RTX 3060, 1544 MiB, 12288 MiB, 10 %, 48
1, NVIDIA GeForce RTX 4090, 12781 MiB, 24564 MiB, 100 %, 83
0, NVIDIA GeForce RTX 3060, 1544 MiB, 12288 MiB, 10 %, 48
1, NVIDIA GeForce RTX 4090, 12781 MiB, 24564 MiB, 100 %, 81
0, NVIDIA GeForce RTX 3060, 1544 MiB, 12288 MiB, 10 %, 48
1, NVIDIA GeForce RTX 4090, 12781 MiB, 24564 MiB, 100 %, 83
0, NVIDIA GeForce RTX 3060, 1546 MiB, 12288 MiB, 10 %, 48
1, NVIDIA GeForce RTX 4090, 12781 MiB, 24564 MiB, 100 %, 80
0, NVIDIA GeForce RTX 3060, 1546 MiB, 12288 MiB, 10 %, 49
1, NVIDIA GeForce RTX 4090, 12781 MiB, 24564 MiB, 100 %, 81
0, NVIDIA GeForce RTX 3060, 1546 MiB, 12288 MiB, 12 %, 49
1, NVIDIA GeForce RTX 4090, 12781 MiB, 24564 MiB, 100 %, 82
0, NVIDIA GeForce RTX 3060, 1546 MiB, 12288 MiB, 15 %, 49
1, NVIDIA GeForce RTX 4090, 12781 MiB, 24564 MiB, 100 %, 79
0, NVIDIA GeForce RTX 3060, 1543 MiB, 12288 MiB, 13 %, 49
1, NVIDIA GeForce RTX 4090, 12781 MiB, 24564 MiB, 100 %, 81
0, NVIDIA GeForce RTX 3060, 1543 MiB, 12288 MiB, 10 %, 49
1, NVIDIA GeForce RTX 4090, 12781 MiB, 24564 MiB, 100 %, 80
0, NVIDIA GeForce RTX 3060, 1538 MiB, 12288 MiB, 10 %, 49
1, NVIDIA GeForce RTX 4090, 12781 MiB, 24564 MiB, 100 %, 83
0, NVIDIA GeForce RTX 3060, 1538 MiB, 12288 MiB, 9 %, 49
1, NVIDIA GeForce RTX 4090, 12781 MiB, 24564 MiB, 100 %, 81
0, NVIDIA GeForce RTX 3060, 1538 MiB, 12288 MiB, 9 %, 49
1, NVIDIA GeForce RTX 4090, 12781 MiB, 24564 MiB, 100 %, 80
0, NVIDIA GeForce RTX 3060, 1543 MiB, 12288 MiB, 9 %, 49
1, NVIDIA GeForce RTX 4090, 12781 MiB, 24564 MiB, 100 %, 82
0, NVIDIA GeForce RTX 3060, 1547 MiB, 12288 MiB, 12 %, 49
1, NVIDIA GeForce RTX 4090, 12781 MiB, 24564 MiB, 100 %, 79
0, NVIDIA GeForce RTX 3060, 1547 MiB, 12288 MiB, 12 %, 49
1, NVIDIA GeForce RTX 4090, 12781 MiB, 24564 MiB, 100 %, 83
0, NVIDIA GeForce RTX 3060, 1543 MiB, 12288 MiB, 16 %, 49
1, NVIDIA GeForce RTX 4090, 12781 MiB, 24564 MiB, 100 %, 84
0, NVIDIA GeForce RTX 3060, 1543 MiB, 12288 MiB, 11 %, 49
1, NVIDIA GeForce RTX 4090, 12781 MiB, 24564 MiB, 100 %, 80
0, NVIDIA GeForce RTX 3060, 1543 MiB, 12288 MiB, 10 %, 49
1, NVIDIA GeForce RTX 4090, 12781 MiB, 24564 MiB, 100 %, 81
0, NVIDIA GeForce RTX 3060, 1543 MiB, 12288 MiB, 10 %, 49
1, NVIDIA GeForce RTX 4090, 12781 MiB, 24564 MiB, 100 %, 81
0, NVIDIA GeForce RTX 3060, 1543 MiB, 12288 MiB, 10 %, 49
1, NVIDIA GeForce RTX 4090, 12781 MiB, 24564 MiB, 100 %, 83
0, NVIDIA GeForce RTX 3060, 1543 MiB, 12288 MiB, 12 %, 49
1, NVIDIA GeForce RTX 4090, 12781 MiB, 24564 MiB, 100 %, 80
0, NVIDIA GeForce RTX 3060, 1543 MiB, 12288 MiB, 10 %, 49
1, NVIDIA GeForce RTX 4090, 12781 MiB, 24564 MiB, 100 %, 81
0, NVIDIA GeForce RTX 3060, 1547 MiB, 12288 MiB, 14 %, 49
1, NVIDIA GeForce RTX 4090, 12781 MiB, 24564 MiB, 100 %, 80
0, NVIDIA GeForce RTX 3060, 1555 MiB, 12288 MiB, 16 %, 49
1, NVIDIA GeForce RTX 4090, 12781 MiB, 24564 MiB, 100 %, 82
0, NVIDIA GeForce RTX 3060, 1551 MiB, 12288 MiB, 12 %, 50
1, NVIDIA GeForce RTX 4090, 12781 MiB, 24564 MiB, 100 %, 82
0, NVIDIA GeForce RTX 3060, 1552 MiB, 12288 MiB, 10 %, 50
1, NVIDIA GeForce RTX 4090, 12781 MiB, 24564 MiB, 100 %, 82
0, NVIDIA GeForce RTX 3060, 1546 MiB, 12288 MiB, 9 %, 50
1, NVIDIA GeForce RTX 4090, 12781 MiB, 24564 MiB, 100 %, 82
0, NVIDIA GeForce RTX 3060, 1546 MiB, 12288 MiB, 16 %, 50
1, NVIDIA GeForce RTX 4090, 12781 MiB, 24564 MiB, 100 %, 83
0, NVIDIA GeForce RTX 3060, 1546 MiB, 12288 MiB, 16 %, 50
1, NVIDIA GeForce RTX 4090, 12781 MiB, 24564 MiB, 100 %, 82
0, NVIDIA GeForce RTX 3060, 1545 MiB, 12288 MiB, 16 %, 50
1, NVIDIA GeForce RTX 4090, 12781 MiB, 24564 MiB, 100 %, 81
0, NVIDIA GeForce RTX 3060, 1543 MiB, 12288 MiB, 17 %, 50
1, NVIDIA GeForce RTX 4090, 12781 MiB, 24564 MiB, 100 %, 82
0, NVIDIA GeForce RTX 3060, 1538 MiB, 12288 MiB, 17 %, 50
1, NVIDIA GeForce RTX 4090, 12781 MiB, 24564 MiB, 100 %, 82
0, NVIDIA GeForce RTX 3060, 1543 MiB, 12288 MiB, 14 %, 50
1, NVIDIA GeForce RTX 4090, 12781 MiB, 24564 MiB, 100 %, 83
0, NVIDIA GeForce RTX 3060, 1543 MiB, 12288 MiB, 19 %, 50
1, NVIDIA GeForce RTX 4090, 12781 MiB, 24564 MiB, 100 %, 84
0, NVIDIA GeForce RTX 3060, 1553 MiB, 12288 MiB, 22 %, 50
1, NVIDIA GeForce RTX 4090, 12781 MiB, 24564 MiB, 100 %, 83
0, NVIDIA GeForce RTX 3060, 1557 MiB, 12288 MiB, 20 %, 50
1, NVIDIA GeForce RTX 4090, 12781 MiB, 24564 MiB, 100 %, 82
0, NVIDIA GeForce RTX 3060, 1561 MiB, 12288 MiB, 18 %, 50
1, NVIDIA GeForce RTX 4090, 12781 MiB, 24564 MiB, 100 %, 81
0, NVIDIA GeForce RTX 3060, 1547 MiB, 12288 MiB, 18 %, 50
1, NVIDIA GeForce RTX 4090, 12781 MiB, 24564 MiB, 100 %, 82
0, NVIDIA GeForce RTX 3060, 1547 MiB, 12288 MiB, 15 %, 50
1, NVIDIA GeForce RTX 4090, 12781 MiB, 24564 MiB, 100 %, 83
0, NVIDIA GeForce RTX 3060, 1551 MiB, 12288 MiB, 17 %, 50
1, NVIDIA GeForce RTX 4090, 12781 MiB, 24564 MiB, 100 %, 81
0, NVIDIA GeForce RTX 3060, 1551 MiB, 12288 MiB, 15 %, 50
1, NVIDIA GeForce RTX 4090, 12781 MiB, 24564 MiB, 100 %, 83
0, NVIDIA GeForce RTX 3060, 1552 MiB, 12288 MiB, 14 %, 50
1, NVIDIA GeForce RTX 4090, 12781 MiB, 24564 MiB, 100 %, 82
0, NVIDIA GeForce RTX 3060, 1549 MiB, 12288 MiB, 18 %, 50
1, NVIDIA GeForce RTX 4090, 12781 MiB, 24564 MiB, 100 %, 81
0, NVIDIA GeForce RTX 3060, 1549 MiB, 12288 MiB, 17 %, 50
1, NVIDIA GeForce RTX 4090, 12781 MiB, 24564 MiB, 100 %, 80
0, NVIDIA GeForce RTX 3060, 1547 MiB, 12288 MiB, 14 %, 51
1, NVIDIA GeForce RTX 4090, 12781 MiB, 24564 MiB, 100 %, 81
0, NVIDIA GeForce RTX 3060, 1549 MiB, 12288 MiB, 13 %, 51
1, NVIDIA GeForce RTX 4090, 12781 MiB, 24564 MiB, 100 %, 82
0, NVIDIA GeForce RTX 3060, 1539 MiB, 12288 MiB, 16 %, 51
1, NVIDIA GeForce RTX 4090, 12781 MiB, 24564 MiB, 100 %, 82
0, NVIDIA GeForce RTX 3060, 1543 MiB, 12288 MiB, 25 %, 51
1, NVIDIA GeForce RTX 4090, 12781 MiB, 24564 MiB, 100 %, 84
0, NVIDIA GeForce RTX 3060, 1554 MiB, 12288 MiB, 14 %, 51
1, NVIDIA GeForce RTX 4090, 12781 MiB, 24564 MiB, 100 %, 82
0, NVIDIA GeForce RTX 3060, 1550 MiB, 12288 MiB, 19 %, 51
1, NVIDIA GeForce RTX 4090, 12781 MiB, 24564 MiB, 100 %, 82
0, NVIDIA GeForce RTX 3060, 1548 MiB, 12288 MiB, 16 %, 51
1, NVIDIA GeForce RTX 4090, 12781 MiB, 24564 MiB, 100 %, 82
0, NVIDIA GeForce RTX 3060, 1547 MiB, 12288 MiB, 17 %, 51
1, NVIDIA GeForce RTX 4090, 12781 MiB, 24564 MiB, 100 %, 83
0, NVIDIA GeForce RTX 3060, 1547 MiB, 12288 MiB, 16 %, 51
1, NVIDIA GeForce RTX 4090, 12781 MiB, 24564 MiB, 100 %, 82
0, NVIDIA GeForce RTX 3060, 1543 MiB, 12288 MiB, 14 %, 51
1, NVIDIA GeForce RTX 4090, 12781 MiB, 24564 MiB, 99 %, 82
0, NVIDIA GeForce RTX 3060, 1543 MiB, 12288 MiB, 14 %, 51
1, NVIDIA GeForce RTX 4090, 12781 MiB, 24564 MiB, 100 %, 80
0, NVIDIA GeForce RTX 3060, 1561 MiB, 12288 MiB, 15 %, 51
1, NVIDIA GeForce RTX 4090, 12781 MiB, 24564 MiB, 100 %, 82
0, NVIDIA GeForce RTX 3060, 1566 MiB, 12288 MiB, 15 %, 51
1, NVIDIA GeForce RTX 4090, 12781 MiB, 24564 MiB, 100 %, 82
0, NVIDIA GeForce RTX 3060, 1559 MiB, 12288 MiB, 16 %, 51
1, NVIDIA GeForce RTX 4090, 12781 MiB, 24564 MiB, 100 %, 83
0, NVIDIA GeForce RTX 3060, 1553 MiB, 12288 MiB, 14 %, 51
1, NVIDIA GeForce RTX 4090, 12781 MiB, 24564 MiB, 97 %, 67
0, NVIDIA GeForce RTX 3060, 1553 MiB, 12288 MiB, 16 %, 51
1, NVIDIA GeForce RTX 4090, 12781 MiB, 24564 MiB, 0 %, 64
0, NVIDIA GeForce RTX 3060, 1542 MiB, 12288 MiB, 16 %, 51
1, NVIDIA GeForce RTX 4090, 12781 MiB, 24564 MiB, 0 %, 63
0, NVIDIA GeForce RTX 3060, 1542 MiB, 12288 MiB, 11 %, 51
1, NVIDIA GeForce RTX 4090, 12781 MiB, 24564 MiB, 0 %, 60
0, NVIDIA GeForce RTX 3060, 1542 MiB, 12288 MiB, 12 %, 51
1, NVIDIA GeForce RTX 4090, 12781 MiB, 24564 MiB, 0 %, 59
0, NVIDIA GeForce RTX 3060, 1547 MiB, 12288 MiB, 11 %, 51
1, NVIDIA GeForce RTX 4090, 12781 MiB, 24564 MiB, 0 %, 58
0, NVIDIA GeForce RTX 3060, 1547 MiB, 12288 MiB, 12 %, 51
1, NVIDIA GeForce RTX 4090, 12781 MiB, 24564 MiB, 0 %, 58
0, NVIDIA GeForce RTX 3060, 1538 MiB, 12288 MiB, 14 %, 51
1, NVIDIA GeForce RTX 4090, 1779 MiB, 24564 MiB, 0 %, 57
0, NVIDIA GeForce RTX 3060, 1542 MiB, 12288 MiB, 18 %, 51
1, NVIDIA GeForce RTX 4090, 1779 MiB, 24564 MiB, 0 %, 56
0, NVIDIA GeForce RTX 3060